campaign_name,campaign_id,adset_name,adset_id,ad_name,ad_id,kind,platform,status,accounting_mode,attribution_model,attribution_window,spend,impressions,meta_link_clicks,attributed_rev,transactions,roas,meta_3s_video_views
Facebook Organic (fbclid),,(no name),,(no name),,query,fb,,Accrual performance,Last non-direct touch,1,0.0,0.0,,1400.65,19.0,,
Meta Shops,__meta_shops__,Meta Shops,,Meta Shops,,_,fb,,Accrual performance,Last non-direct touch,1,0.0,0.0,,2026.25,44.0,,
n:Prospecting + Remarketing_o:Eye Cream Opp Sku_p:240710_m:Purchase Objective,120210501214990716,i:All Purchasers #2_j:Remarketing_k:ABO_l:240710_m:Eye Cream,120210501636330716,a:EyeCream_b:NRTV-TH1333-A-Clare#1HackForDarkCirclesEyeCreamOppSKU_c:ProdApp_d:_e:Video_f:PDP_g:240710_h:Eye Cream Opp Sku,120210501686600716,_,fb,Active,Accrual performance,Last non-direct touch,1,0.0,0.0,,0.0,0.0,,
n:Prospecting+Remarketing_o:ASC 10% Cap Brows + IWEL_p:240408 Campaign,120207821501690716,n:Prospecting+Remarketing_o:ASC 10% Cap Brows + IWEL_p:240408 Ad set,120207821501770716,a:BrowGel_b:AHoover-BrowGel-ProdApp-4x5-Testimonial-April-RHM1131V1_c:ProdApp_d:_e:Video_f:PDP_g:250130,120215668956380716,_,fb,Active,Accrual performance,Last non-direct touch,1,0.0,0.0,,0.0,0.0,,
n:Prospecting+Remarketing_o:ASC 10% Cap Brows + IWEL_p:240408 Campaign,120207821501690716,n:Prospecting+Remarketing_o:ASC 10% Cap Brows + IWEL_p:240408 Ad set,120207821501770716,a:BrowGel_b:HMoulder-BrowGel-ProdApp-4x5-Merida-V4_c:ProdApp_d:_e:Video_f:PDP_g:25027,120217807016320716,_,fb,Paused,Accrual performance,Last non-direct touch,1,1971.1000019999997,114512.0,861.0,904.35,19.0,0.4588047278587543,26869.0
n:Prospecting+Remarketing_o:ASC 10% Cap Brows + IWEL_p:240408 Campaign,120207821501690716,n:Prospecting+Remarketing_o:ASC 10% Cap Brows + IWEL_p:240408 Ad set,120207821501770716,a:BrowGel_b:LKiesling-BrowGel-ProdApp-Nan-Mature-V2_c:ProdApp_d:_e:Video_f:PDP_g:250130,120215668819140716,_,fb,Paused,Accrual performance,Last non-direct touch,1,0.0,0.0,,0.0,0.0,,
n:Prospecting+Remarketing_o:ASC 10% Cap Brows + IWEL_p:240408 Campaign,120207821501690716,n:Prospecting+Remarketing_o:ASC 10% Cap Brows + IWEL_p:240408 Ad set,120207821501770716,a:BrowGel_b:TRenner-BrowGel-ProdApp-4x5-Testimonial-Merida-RHM1141V1_c:ProdApp_d:_e:Video_f:PDP_g:250305,120218069286470716,_,fb,Paused,Accrual performance,Last non-direct touch,1,0.0,0.0,,0.0,0.0,,
n:Prospecting+Remarketing_o:ASC 10% Cap Brows + IWEL_p:240408 Campaign,120207821501690716,n:Prospecting+Remarketing_o:ASC 10% Cap Brows + IWEL_p:240408 Ad set,120207821501770716,a:BrowLiner_b:CGilson-BrowLiner-ProdApp-4x5-BCATestimonialIteration-Blanka-RHM1161V3_c:ProdApp_d:_e:Video_f:PDP_g:250227,120217807046340716,_,fb,Paused,Accrual performance,Last non-direct touch,1,0.0,0.0,,0.0,0.0,,
n:Prospecting+Remarketing_o:ASC 10% Cap Brows + IWEL_p:240408 Campaign,120207821501690716,n:Prospecting+Remarketing_o:ASC 10% Cap Brows + IWEL_p:240408 Ad set,120207821501770716,a:BrowLiner_b:TH1103-Michelle-BrowLiner-A_c:ProdApp_d:See why beauty lovers_e:Video_f:PDP_g:240202_h:NRTV-BCA - Previous Top Performer,120210598690240716,_,fb,Active,Accrual performance,Last non-direct touch,1,1180.489999,45809.0,753.0,508.47,13.0,0.430727918432793,13850.0
n:Prospecting+Remarketing_o:ASC 10% Cap Brows + IWEL_p:240408 Campaign,120207821501690716,n:Prospecting+Remarketing_o:ASC 10% Cap Brows + IWEL_p:240408 Ad set,120207821501770716,a:BrowPencil_b:Ash-QuickFixBrowPencil-ProdApp-B+A-1x1-Serena-USA_c:B&A_d:_e:Static_f:PDP_g:250730,120230799523110716,_,fb,Active,Accrual performance,Last non-direct touch,1,5.47,285.0,5.0,0.0,0.0,0.0,0.0
n:Prospecting+Remarketing_o:ASC 10% Cap Brows + IWEL_p:240408 Campaign,120207821501690716,n:Prospecting+Remarketing_o:ASC 10% Cap Brows + IWEL_p:240408 Ad set,120207821501770716,a:BrowPencil_b:CGilson-BrowPencil-ProdApp-4x5-BrowPencilLaunchBCATestimonial-Blanka-RHM1318V1_c:ProdApp_d:_e:Video_f:PDP_g:250730_h:RHM,120230799168490716,_,fb,Paused,Accrual performance,Last non-direct touch,1,0.0,0.0,,106.82,1.0,,
n:Prospecting+Remarketing_o:ASC 10% Cap Brows + IWEL_p:240408 Campaign,120207821501690716,n:Prospecting+Remarketing_o:ASC 10% Cap Brows + IWEL_p:240408 Ad set,120207821501770716,a:BrowPencil_b:LKiesling-BrowPencil-ProdApp-1x1-Nan-V2-US_c:ProdApp_d:_e:Video_f:PDP_g:250730,120230798848070716,_,fb,Active,Accrual performance,Last non-direct touch,1,2229.4600020000003,82989.0,931.0,1328.9299999999998,27.0,0.5960770764256123,25549.0
n:Prospecting+Remarketing_o:ASC 10% Cap Brows + IWEL_p:240408 Campaign,120207821501690716,n:Prospecting+Remarketing_o:ASC 10% Cap Brows + IWEL_p:240408 Ad set,120207821501770716,a:BrowPencil_b:LKiesling-BrowPencil-ProdApp-1x1-Nan-V2-US_c:ProdApp_d:_e:Video_f:PDP_g:250730,120230799523160716,_,fb,Active,Accrual performance,Last non-direct touch,1,2468.7899990000005,87542.0,1127.0,1717.94,36.0,0.6958631559168105,28291.0
n:Prospecting+Remarketing_o:ASC 10% Cap Brows + IWEL_p:240408 Campaign,120207821501690716,n:Prospecting+Remarketing_o:ASC 10% Cap Brows + IWEL_p:240408 Ad set,120207821501770716,a:BrowPencil_b:Lisa-QuickFixBrowPencil-ProdApp-B+A-1x1-Nan-USA_c:B&A_d:_e:Static_f:PDP_g:250730,120230799523150716,_,fb,Active,Accrual performance,Last non-direct touch,1,6.1299990000000015,381.0,2.0,0.0,0.0,0.0,0.0
n:Prospecting+Remarketing_o:ASC 10% Cap Brows + IWEL_p:240408 Campaign,120207821501690716,n:Prospecting+Remarketing_o:ASC 10% Cap Brows + IWEL_p:240408 Ad set,120207821501770716,a:BrowPencil_b:Louise QuickFixBrowPencil-Animation-1x1-B+ASlider-USA_c:B&A_d:_e:GIF_f:PDP_g:250730,120230799523120716,_,fb,Active,Accrual performance,Last non-direct touch,1,27.65,995.0,25.0,0.0,0.0,0.0,325.0
n:Prospecting+Remarketing_o:ASC 10% Cap Brows + IWEL_p:240408 Campaign,120207821501690716,n:Prospecting+Remarketing_o:ASC 10% Cap Brows + IWEL_p:240408 Ad set,120207821501770716,a:BrowPencil_b:NoModel-QuickFillEyebrowPencil-ProdShot-4x5-Quote-Evergreen-V1_c:ProdShot_d:_e:Static_f:PDP_g:250730,120230799523140716,_,fb,Active,Accrual performance,Last non-direct touch,1,199.08,6858.0,88.0,265.12,7.0,1.3317259393208762,0.0
n:Prospecting+Remarketing_o:ASC 10% Cap Brows + IWEL_p:240408 Campaign,120207821501690716,n:Prospecting+Remarketing_o:ASC 10% Cap Brows + IWEL_p:240408 Ad set,120207821501770716,a:Browgel_b:TH1617-MultiUGC-MatureWomenBrowGel-A_c:ProdApp_d:_e:Video_f:PDP_g:250709_h:NRTV2025,120229513780090716,_,fb,Paused,Accrual performance,Last non-direct touch,1,994.54,30506.0,353.0,631.3399999999999,14.0,0.6348060409837712,7328.0
n:Prospecting+Remarketing_o:ASC 10% Cap Brows + IWEL_p:240408 Campaign,120207821501690716,n:Prospecting+Remarketing_o:ASC 10% Cap Brows + IWEL_p:240408 Ad set,120207821501770716,a:IWEL_b:JMoore-Eyeliner-ProdApp-4x5-Testimonial-RHM1220V1_c:ProdApp_d:_e:Video_f:PDP_g:250423_h:RHM,120223427746590716,_,fb,Active,Accrual performance,Last non-direct touch,1,16.59,424.0,9.0,32.99,1.0,1.9885473176612416,124.0
n:Prospecting+Remarketing_o:ASC 10% Cap Brows + IWEL_p:240408 Campaign,120207821501690716,n:Prospecting+Remarketing_o:ASC 10% Cap Brows + IWEL_p:240408 Ad set,120207821501770716,a:IWEL_b:JMoore-IWEL-ProdApp-4x5-TestimonialIteration-RHM1252V4_c:ProdApp_d:_e:Video_f:PDP_g:250521_h:RHM,120226300418680716,_,fb,Active,Accrual performance,Last non-direct touch,1,31.910000000000004,1330.0,17.0,0.0,0.0,0.0,337.0
n:Prospecting+Remarketing_o:ASC 10% Cap Brows + IWEL_p:240408 Campaign,120207821501690716,n:Prospecting+Remarketing_o:ASC 10% Cap Brows + IWEL_p:240408 Ad set,120207821501770716,a:IWEL_b:Kbodnar-IWEL-ProdApp-9x16-Plum-V1_c:ProdApp_d:_e:Video_f:PDP_g:240901_h:TCCPBCA,120212133534020716,_,fb,Active,Accrual performance,Last non-direct touch,1,312.5,16728.0,148.0,438.9,6.0,1.40448,4053.0
n:Prospecting+Remarketing_o:ASC 10% Cap Brows + IWEL_p:240408 Campaign,120207821501690716,n:Prospecting+Remarketing_o:ASC 10% Cap Brows + IWEL_p:240408 Ad set,120207821501770716,a:IWEL_b:Model-IWEL-ProdShot-ProdApp-1x1-Alondra-Evergreen_c:Model_d:_e:Static_f:PDP_g:250730,120230799523130716,_,fb,Active,Accrual performance,Last non-direct touch,1,254.64000300000004,13430.0,198.0,244.65,5.0,0.9607681319419396,0.0
n:Prospecting+Remarketing_o:ASC 10% Cap Brows + IWEL_p:240408 Campaign,120207821501690716,n:Prospecting+Remarketing_o:ASC 10% Cap Brows + IWEL_p:240408 Ad set,120207821501770716,a:IWEL_b:NoModel-IWEL-ProdAnimation-1x1-Iteration-RHM1270V1_c:ProdAnimation_d:_e:Static_f:PDP_g:250611_h:RHM,120227777674310716,_,fb,Paused,Accrual performance,Last non-direct touch,1,1177.8199999999997,60566.0,365.0,303.65999999999997,7.0,0.2578152858671104,12.0
n:Prospecting+Remarketing_o:ASC 10% Cap Brows + IWEL_p:240408 Campaign,120207821501690716,n:Prospecting+Remarketing_o:ASC 10% Cap Brows + IWEL_p:240408 Ad set,120207821501770716,a:IWEL_b:NoModel-IWEL-ProdShot-1x1-IWELStatics1-RHM1298V2_c:ProdShot_d:_e:Static_f:IWELDuo_g:250716_h:RHM,120229814856440716,_,fb,Active,Accrual performance,Last non-direct touch,1,3.0100000000000007,212.0,2.0,0.0,0.0,0.0,0.0
n:Prospecting+Remarketing_o:ASC 10% Cap Brows + IWEL_p:240408 Campaign,120207821501690716,n:Prospecting+Remarketing_o:ASC 10% Cap Brows + IWEL_p:240408 Ad set,120207821501770716,a:IWEL_b:NoModel-IWEL-ProdShot-1x1-IWELStatics1-RHM1298V4_c:ProdShot_d:_e:Static_f:IWELDuo_g:250709_h:RHM,120229513718260716,_,fb,Paused,Accrual performance,Last non-direct touch,1,68.81,3200.0,43.0,0.0,0.0,0.0,0.0
n:Prospecting+Remarketing_o:ASC 10% Cap Brows + IWEL_p:240408 Campaign,120207821501690716,n:Prospecting+Remarketing_o:ASC 10% Cap Brows + IWEL_p:240408 Ad set,120207821501770716,a:IWEL_b:SPavlos-Eyeliner-ProdApp-1080x1080+1080x1920-Lauren-MacroApp_c:ProdApp_d:Meet_e:Video_f:PDP_g:220318 - Copy 2,120210534125010716,_,fb,Active,Accrual performance,Last non-direct touch,1,1.7300000000000002,89.0,3.0,0.0,0.0,0.0,30.0
n:Prospecting+Remarketing_o:ASC 10% Cap Brows + IWEL_p:240408 Campaign,120207821501690716,n:Prospecting+Remarketing_o:ASC 10% Cap Brows + IWEL_p:240408 Ad set,120207821501770716,a:IWEL_b:SPavlos-IWEL-ProdApp-4x5-AllShades-ShadeScroll-B-V1_c:ProdApp_d:_e:Video_f:PDP_g:250221,120217028686120716,_,fb,Active,Accrual performance,Last non-direct touch,1,1431.33,58488.0,797.0,1355.54,24.0,0.9470492479023008,17216.0
n:Prospecting+Remarketing_o:ASC 10% Cap Brows + IWEL_p:240408 Campaign,120207821501690716,n:Prospecting+Remarketing_o:ASC 10% Cap Brows + IWEL_p:240408 Ad set,120207821501770716,a:IWEL_b:TH1514-JoAnn-GoodbyeMessyEyelinerIWEL-Ella-A_c:ProdApp_d:_e:Video_f:PDP_g:250130_h:NRTV,120215668790540716,_,fb,Active,Accrual performance,Last non-direct touch,1,1798.7599999999998,80183.0,775.0,1101.99,25.0,0.6126387066645913,23940.0
n:Prospecting+Remarketing_o:ASC 10% Cap Brows + IWEL_p:240408 Campaign,120207821501690716,n:Prospecting+Remarketing_o:ASC 10% Cap Brows + IWEL_p:240408 Ad set,120207821501770716,a:IWEL_b:TH1572-MultiUGC-MatureWomenIWEL-A-WL-AgelessBeautyTips_c:ProdApp_d:_e:Video_f:PDP_g:250319_h:NRTV,120219236329440716,_,fb,Active,Accrual performance,Last non-direct touch,1,420.5799999999999,18483.0,236.0,245.48,6.0,0.583670169765562,5278.0
n:Prospecting+Remarketing_o:ASC 10% Cap Brows + IWEL_p:240408 Campaign,120207821501690716,n:Prospecting+Remarketing_o:ASC 10% Cap Brows + IWEL_p:240408 Ad set,120207821501770716,a:MultiProd_b:NoModel-MultiProd-ProdShot-1x1-ProductBestSellers-20offPromo-Evergreen USA-V1_c:ProdShot_d:NewCustomerOffer-20%_e:Static_f:MakeupBestSellers_g:250730,120230799523100716,_,fb,Active,Accrual performance,Last non-direct touch,1,0.59,51.0,1.0,0.0,0.0,0.0,0.0
n:Prospecting+Remarketing_o:ASC 10% Cap Mascara_p:231124 Campaign,120201240657910716,n:Prospecting_o:ASC 10% Cap Mascara_p:231124 Ad set,120201240657920716,a:LLEM_b:SFeher-LLEM-Prod-1080x1080-WaitLookUp._c:ProdApp_d:_e:Video_f:PDP_g:240509_h:TCCP - Copy,120209527701300716,_,fb,Paused,Accrual performance,Last non-direct touch,1,3.1300000000000003,128.0,0.0,0.0,0.0,0.0,44.0
n:Prospecting+Remarketing_o:ASC 10% Cap Mascara_p:231124 Campaign,120201240657910716,n:Prospecting_o:ASC 10% Cap Mascara_p:231124 Ad set,120201240657920716,a:Mascara_b:AElliott-LLEM-ProdApp-1x1-LongLashes-Evergreen-V1_c:ProdApp_d:_e:Video_f:PDP_g:241108 - Previous Top Performer,120213335350250716,_,fb,Active,Accrual performance,Last non-direct touch,1,1024.2200000000005,36583.0,391.0,129.01999999999998,3.0,0.1259690300911912,9616.0
n:Prospecting+Remarketing_o:ASC 10% Cap Mascara_p:231124 Campaign,120201240657910716,n:Prospecting_o:ASC 10% Cap Mascara_p:231124 Ad set,120201240657920716,a:Mascara_b:CMazzucco-Mascara-ProdApp-4x5-BCATestimonial-RHM1333V1_c:ProdApp_d:_e:Video_f:PDP_g:250806_h:RHM,120231105303450716,_,fb,Active,Accrual performance,Last non-direct touch,1,62.489999999999995,3133.0,21.0,56.56,1.0,0.9051048167706834,956.0
n:Prospecting+Remarketing_o:ASC 10% Cap Mascara_p:231124 Campaign,120201240657910716,n:Prospecting_o:ASC 10% Cap Mascara_p:231124 Ad set,120201240657920716,a:Mascara_b:CMazzucco-Mascara-ProdApp-4x5-BCATestimonial-RHM1333V2_c:ProdApp_d:_e:Video_f:PDP_g:250806_h:RHM,120231105407750716,_,fb,Active,Accrual performance,Last non-direct touch,1,33.61000000000001,1637.0,19.0,76.5,1.0,2.2761083011008623,425.0
n:Prospecting+Remarketing_o:ASC 10% Cap Mascara_p:231124 Campaign,120201240657910716,n:Prospecting_o:ASC 10% Cap Mascara_p:231124 Ad set,120201240657920716,a:Mascara_b:JKidd-Mascara-ProdApp-1080x1080-WillChangeYourLife_c:ProdApp_d:Getshowstopping_e:Video_f:PDP_g:101921 - Copy 2,120201240804460716,_,fb,Active,Accrual performance,Last non-direct touch,1,6.19,304.0,4.0,0.0,0.0,0.0,62.0
n:Prospecting+Remarketing_o:ASC 10% Cap Mascara_p:231124 Campaign,120201240657910716,n:Prospecting_o:ASC 10% Cap Mascara_p:231124 Ad set,120201240657920716,a:Mascara_b:MCarroll-Mascara-ProdApp-1080x1350-Brynn-CarTestimonial-NA-RHMConceptualFB-CIC-RHM817V1_c:ProdApp_d:_e:Video_f:PDP_g:240505,120210504986420716,_,fb,Active,Accrual performance,Last non-direct touch,1,242.07,8731.0,72.0,139.26,3.0,0.5752881397942744,4331.0
n:Prospecting+Remarketing_o:ASC 10% Cap Mascara_p:231124 Campaign,120201240657910716,n:Prospecting_o:ASC 10% Cap Mascara_p:231124 Ad set,120201240657920716,a:Mascara_b:MCarroll-Mascara-ProdApp-1080x1350-Brynn-CarTestimonial-NA-RHMConceptualFB-CIC-RHM817V1_c:ProdApp_d:_e:Video_f:PDP_g:240505,120210975794980716,_,fb,Paused,Accrual performance,Last non-direct touch,1,245.80999999999997,8071.0,95.0,111.68,3.0,0.4543346487124203,4319.0
n:Prospecting+Remarketing_o:ASC 10% Cap Mascara_p:231124 Campaign,120201240657910716,n:Prospecting_o:ASC 10% Cap Mascara_p:231124 Ad set,120201240657920716,a:Mascara_b:MRostamian-Mascara-ProdApp-4x5-BCATestimonial-RHM1324V2_c:ProdApp_d:_e:Video_f:PDP_g:250730_h:RHM,120230799050380716,_,fb,Active,Accrual performance,Last non-direct touch,1,29.630000000000003,1856.0,9.0,34.19,1.0,1.1538980762740465,410.0
n:Prospecting+Remarketing_o:ASC 10% Cap Mascara_p:231124 Campaign,120201240657910716,n:Prospecting_o:ASC 10% Cap Mascara_p:231124 Ad set,120201240657920716,a:Mascara_b:MRostamian-Mascara-ProdShot-1x1-Question-RHM1209V3_c:ProdShot_d:_e:Static_f:PDP_g:250423_h:RHM,120223427878010716,_,fb,Active,Accrual performance,Last non-direct touch,1,7.29,455.0,3.0,0.0,0.0,0.0,0.0
n:Prospecting+Remarketing_o:ASC 10% Cap Mascara_p:231124 Campaign,120201240657910716,n:Prospecting_o:ASC 10% Cap Mascara_p:231124 Ad set,120201240657920716,a:Mascara_b:MultiModel-Mascara-ProdApp-1080x1350-Brynn-MascaraHack-NA-RHMConceptualFB-DEI-RHM899V1_c:ProdApp_d:_e:Video_f:PDP_g:240626,120210505107310716,_,fb,Active,Accrual performance,Last non-direct touch,1,6.06,351.0,3.0,0.0,0.0,0.0,112.0
n:Prospecting+Remarketing_o:ASC 10% Cap Mascara_p:231124 Campaign,120201240657910716,n:Prospecting_o:ASC 10% Cap Mascara_p:231124 Ad set,120201240657920716,a:Mascara_b:MultiModel-Mascara-ProdApp-4x5-MatureExplainerIterations-RHM1289V3_c:ProdApp_d:_e:Video_f:PDP_g:250618_h:RHM,120228329140840716,_,fb,Paused,Accrual performance,Last non-direct touch,1,675.04,25464.0,325.0,87.61,2.0,0.1297849016354586,10151.0
n:Prospecting+Remarketing_o:ASC 10% Cap Mascara_p:231124 Campaign,120201240657910716,n:Prospecting_o:ASC 10% Cap Mascara_p:231124 Ad set,120201240657920716,a:Mascara_b:MultiModel-Mascara-ProdApp-4x5-MatureExplainerIterations-RHM1289V4_c:ProdApp_d:_e:Video_f:PDP_g:250625_h:RHM,120228772047390716,_,fb,Active,Accrual performance,Last non-direct touch,1,1793.5,52634.0,505.0,919.54,19.0,0.5127069974909395,17361.0
n:Prospecting+Remarketing_o:ASC 10% Cap Mascara_p:231124 Campaign,120201240657910716,n:Prospecting_o:ASC 10% Cap Mascara_p:231124 Ad set,120201240657920716,a:Mascara_b:NoModel-Mascara-ProdAnimation-1x1-Buy2FreeShip-NA-RHM1222V2_c:ProdAnimation_d:_e:Static_f:PDP_g:250430_h:RHM,120224336566500716,_,fb,Active,Accrual performance,Last non-direct touch,1,2.1300000000000003,138.0,2.0,0.0,0.0,0.0,0.0
n:Prospecting+Remarketing_o:ASC 10% Cap Mascara_p:231124 Campaign,120201240657910716,n:Prospecting_o:ASC 10% Cap Mascara_p:231124 Ad set,120201240657920716,a:Mascara_b:NoModel-Mascara-ProdShot-1x1-SummerOccasionSeekerLPStatics-NA-RHM1327V2_c:ProdShot_d:_e:Static_f:SummerOccasion-LP_g:250806_h:RHM,120231104960670716,_,fb,Active,Accrual performance,Last non-direct touch,1,3.509999999999999,501.0,4.0,0.0,0.0,0.0,0.0
n:Prospecting+Remarketing_o:ASC 10% Cap Mascara_p:231124 Campaign,120201240657910716,n:Prospecting_o:ASC 10% Cap Mascara_p:231124 Ad set,120201240657920716,a:Mascara_b:NoModel-Mascara-ProdShot-1x1-SummerOccasionSeekerLPStatics-NA-RHM1327V3_c:ProdShot_d:_e:Static_f:SummerOccasion-LP_g:250806_h:RHM,120231104960680716,_,fb,Paused,Accrual performance,Last non-direct touch,1,258.29,28925.0,114.0,0.0,0.0,0.0,0.0
n:Prospecting+Remarketing_o:ASC 10% Cap Mascara_p:231124 Campaign,120201240657910716,n:Prospecting_o:ASC 10% Cap Mascara_p:231124 Ad set,120201240657920716,a:Mascara_b:NoModel-Mascara-ProdShot-1x1-SummerOccasionSeekerLPStatics-NA-RHM1327V4_c:ProdShot_d:_e:Static_f:SummerOccasion-LP_g:250730_h:RHM,120230798503980716,_,fb,Active,Accrual performance,Last non-direct touch,1,12.739999999999998,782.0,3.0,0.0,0.0,0.0,0.0
n:Prospecting+Remarketing_o:ASC 10% Cap Mascara_p:231124 Campaign,120201240657910716,n:Prospecting_o:ASC 10% Cap Mascara_p:231124 Ad set,120201240657920716,a:Mascara_b:TH1021-D.1H-Emeline-B_c:ProdApp_d:I've never used a mascara like this_e:Video_f:PDP_g:230602_h:NRTV,120208494045990716,_,fb,Active,Accrual performance,Last non-direct touch,1,1165.529999,56742.0,581.0,667.5600000000001,14.0,0.5727523105992572,10981.0
n:Prospecting+Remarketing_o:ASC 10% Cap Mascara_p:231124 Campaign,120201240657910716,n:Prospecting_o:ASC 10% Cap Mascara_p:231124 Ad set,120201240657920716,a:Mascara_b:TH1270-Emeline-Mascara-LLEM-A_c:ProdApp_d:I'm so glad I finally tried_e:Video_f:PDP_g:240307_h:NRTV - Previous Top Performer,120209257193760716,_,fb,Paused,Accrual performance,Last non-direct touch,1,0.0,0.0,,0.0,0.0,,
n:Prospecting+Remarketing_o:ASC 10% Cap Mascara_p:231124 Campaign,120201240657910716,n:Prospecting_o:ASC 10% Cap Mascara_p:231124 Ad set,120201240657920716,a:Mascara_b:TH533.10O-MultiUGC-Mascara-LLEM-C_c:ProdApp_d:I'm so glad I finally tried_e:Video_f:PDP_g:240319_h:NRTV-Ageless Beauty Tips - Previous Top Performer,120211162933990716,_,fb,Paused,Accrual performance,Last non-direct touch,1,1399.6399999999996,55204.0,1015.0,785.5999999999998,15.0,0.5612871881340917,17804.0
n:Prospecting+Remarketing_o:ASC 10% Cap Mascara_p:231124 Campaign,120201240657910716,n:Prospecting_o:ASC 10% Cap Mascara_p:231124 Ad set,120201240657920716,a:Mascara_b:TH533.12O-MultiUGC-LLEMMascara-B_c:ProdApp_d:I'm so glad I finally tried_e:Video_f:PDP_g:240917_h:NRTV,120212114122770716,_,fb,Active,Accrual performance,Last non-direct touch,1,2030.659998,108403.0,602.0,672.02,15.0,0.3309367401051251,26202.0
n:Prospecting+Remarketing_o:ASC 10% Cap Mascara_p:231124 Campaign,120201240657910716,n:Prospecting_o:ASC 10% Cap Mascara_p:231124 Ad set,120201240657920716,"a:Mascara_b:TH593-TH565Refresh-Suzana-Mascara-CommentBox-UGC-DEI-B_c:ProdApp_d:""I'm in shock""_e:Video_f:PDP_g:021622_h:NRTV-Core",120210534044490716,_,fb,Active,Accrual performance,Last non-direct touch,1,2342.3500009999993,135183.0,869.0,1135.9299999999998,30.0,0.4849531451384494,23597.0
n:Prospecting+Remarketing_o:ASC 10% Cap Mascara_p:231124 Campaign,120201240657910716,n:Prospecting_o:ASC 10% Cap Mascara_p:231124 Ad set,120201240657920716,a:Mascara_b:TPerez-Mascara-ProdApp-1080x1080-Brynn-Buy2FreeShip-RHMConceptualFB_c:ProdShot_d:Are those_e:Static_f:MascaraSet_g:220622,120201240804430716,_,fb,Active,Accrual performance,Last non-direct touch,1,4132.830001,342870.0,1385.0,5023.279999999998,87.0,1.2154576885051018,0.0
n:Prospecting+Remarketing_o:ASC 10% Cap Mascara_p:231124 Campaign,120201240657910716,n:Prospecting_o:ASC 10% Cap Mascara_p:231124 Ad set,120201240657920716,a:MultiProd_b:MRusso-MultiProd-Webscroll-4x5-MatureEvergreen-V1_c:Webscroll_d:_e:Video_f:BestSellers_g:250221,120217034327200716,_,fb,Active,Accrual performance,Last non-direct touch,1,290.4100000000001,9875.0,178.0,163.9,2.0,0.564374505010158,2435.0
n:Prospecting+Remarketing_o:ASC 20% Cap_EmpowerMatte_p:250114 Campaign,120214980223170716,n:Prospecting+Remarketing_o:ASC 20% Cap_EmpowerMatte_p:250114 Ad set,120214980223100716,a:EmpowerMatte_b:TH1355-Wendy-NewMatteLipstick-Ragan-A_c:ProdApp_d:Introducing the NEW EmpowerMatte™ Precision Lipstick Crayon_e:Video_f:PDP_g:250121_h:NRTV - Previous Top Performer,120215249319210716,_,fb,Active,Accrual performance,Last non-direct touch,1,0.0,0.0,,0.0,0.0,,
n:Prospecting+Remarketing_o:ASC 20% Cap_EmpowerMatte_p:250114 Campaign,120214980223170716,n:Prospecting+Remarketing_o:ASC 20% Cap_EmpowerMatte_p:250114 Ad set,120214980223100716,a:Empowermatte_b:NTamayo-EmpowerMatte-ProdApp-4x5-Leti-Orfeh-V2_c:ProdApp_d:Leti/OrfehShadeExtension_e:Video_f:PDP_g:250114,120214981994930716,_,fb,Active,Accrual performance,Last non-direct touch,1,0.0,0.0,,56.56,1.0,,
n:Prospecting+Remarketing_o:ASC 30% Cap BEB_p:250102 Campaign,120214615165750716,n:Prospecting+Remarketing_o:ASC 30% Cap BEB_p:250102 Ad set,120214615165760716,a:BEB_b:BEB-ProdApp-4x5-MattesTestimonialBCA-RHM1219V1_c:ProdApp_d:_e:Video_f:PDP_g:250723_h:RHM,120230181983980716,_,fb,Active,Accrual performance,Last non-direct touch,1,40.43999999999999,1773.0,16.0,0.0,0.0,0.0,358.0
n:Prospecting+Remarketing_o:ASC 30% Cap BEB_p:250102 Campaign,120214615165750716,n:Prospecting+Remarketing_o:ASC 30% Cap BEB_p:250102 Ad set,120214615165760716,a:BEB_b:BWest-BEB-ProdApp-4x5-PinAdapt-RHM1319V2_c:ProdApp_d:_e:Video_f:BEBDuo_g:250723_h:RHM,120230179587530716,_,fb,Active,Accrual performance,Last non-direct touch,1,13.14,255.0,9.0,0.0,0.0,0.0,39.0
n:Prospecting+Remarketing_o:ASC 30% Cap BEB_p:250102 Campaign,120214615165750716,n:Prospecting+Remarketing_o:ASC 30% Cap BEB_p:250102 Ad set,120214615165760716,a:BEB_b:CDill-BEB-ProdApp-1x1-Muna-V1-US_c:ProdApp_d:Recreate_e:Video_f:PDP_g:250730,120230798874220716,_,fb,Active,Accrual performance,Last non-direct touch,1,62.64999999999999,1233.0,23.0,53.55,1.0,0.8547486033519553,228.0
n:Prospecting+Remarketing_o:ASC 30% Cap BEB_p:250102 Campaign,120214615165750716,n:Prospecting+Remarketing_o:ASC 30% Cap BEB_p:250102 Ad set,120214615165760716,a:BEB_b:CDill-BEB-ProdApp-1x1-Muna-V2-US_c:ProdApp_d:Recreate_e:Video_f:PDP_g:250806,120231104917110716,_,fb,Active,Accrual performance,Last non-direct touch,1,10.89,276.0,6.0,0.0,0.0,0.0,55.0
n:Prospecting+Remarketing_o:ASC 30% Cap BEB_p:250102 Campaign,120214615165750716,n:Prospecting+Remarketing_o:ASC 30% Cap BEB_p:250102 Ad set,120214615165760716,a:BEB_b:CDill-BEB-ProdApp-1x1-Muna-V3-US_c:ProdApp_d:Recreate_e:Video_f:PDP_g:250806,120231104917100716,_,fb,Active,Accrual performance,Last non-direct touch,1,86.09,2300.0,19.0,188.64,2.0,2.191195260773609,436.0
n:Prospecting+Remarketing_o:ASC 30% Cap BEB_p:250102 Campaign,120214615165750716,n:Prospecting+Remarketing_o:ASC 30% Cap BEB_p:250102 Ad set,120214615165760716,a:BEB_b:CDill-BEB-ProdApp-4x5-BCAPerfectforSummerTestimonial-RHM1354V2_c:ProdApp_d:_e:Video_f:PDP_g:250806_h:RHM,120231104716640716,_,fb,Active,Accrual performance,Last non-direct touch,1,43.66999999999999,1456.0,17.0,0.0,0.0,0.0,286.0
n:Prospecting+Remarketing_o:ASC 30% Cap BEB_p:250102 Campaign,120214615165750716,n:Prospecting+Remarketing_o:ASC 30% Cap BEB_p:250102 Ad set,120214615165760716,a:BEB_b:CMaldonado-BEB-ProdApp-1080x1350-NA-RoboVO-RHMConceptualFB-DEI-CEC-RHM216V2_c:ProdApp_d:_e:Video_f:PDP_g:250312,120218689091640716,_,fb,Active,Accrual performance,Last non-direct touch,1,1717.220002,50294.0,626.0,1507.2600000000002,22.0,0.8777326133195134,12952.0
n:Prospecting+Remarketing_o:ASC 30% Cap BEB_p:250102 Campaign,120214615165750716,n:Prospecting+Remarketing_o:ASC 30% Cap BEB_p:250102 Ad set,120214615165760716,a:BEB_b:CMazzucco-BEB-ProdApp-4x5-BCATestimonialIteration-RHM1199V1_c:ProdApp_d:_e:Video_f:BEBDuo_g:250723_h:RHM,120230181983990716,_,fb,Active,Accrual performance,Last non-direct touch,1,20.97,1061.0,10.0,0.0,0.0,0.0,173.0
n:Prospecting+Remarketing_o:ASC 30% Cap BEB_p:250102 Campaign,120214615165750716,n:Prospecting+Remarketing_o:ASC 30% Cap BEB_p:250102 Ad set,120214615165760716,a:BEB_b:CMazzucco-BEB-ProdApp-4x5-EyeEnhancingBCAIterations-Lori-RHM1287V2_c:ProdApp_d:_e:Video_f:BEBDuo_g:250618_h:RHM,120228329552030716,_,fb,Active,Accrual performance,Last non-direct touch,1,1.36,65.0,1.0,0.0,0.0,0.0,3.0
n:Prospecting+Remarketing_o:ASC 30% Cap BEB_p:250102 Campaign,120214615165750716,n:Prospecting+Remarketing_o:ASC 30% Cap BEB_p:250102 Ad set,120214615165760716,a:BEB_b:CMazzucco-BEB-ProdApp-4x5-EyeEnhancingBCAIterations-Lori-RHM1287V2_c:ProdApp_d:_e:Video_f:BEBDuo_g:250723_h:RHM,120230181984010716,_,fb,Active,Accrual performance,Last non-direct touch,1,1.68,74.0,1.0,0.0,0.0,0.0,7.0
n:Prospecting+Remarketing_o:ASC 30% Cap BEB_p:250102 Campaign,120214615165750716,n:Prospecting+Remarketing_o:ASC 30% Cap BEB_p:250102 Ad set,120214615165760716,a:BEB_b:CMazzucco-BEB-ProdApp-4x5-EyeEnhancingLaunchLoriBCA-Lori-RHM1232V3_c:ProdApp_d:BEBEyeEnhancing_e:Video_f:PDP_g:250514_h:RHM,120225701820130716,_,fb,Paused,Accrual performance,Last non-direct touch,1,0.0,0.0,,0.0,0.0,,
n:Prospecting+Remarketing_o:ASC 30% Cap BEB_p:250102 Campaign,120214615165750716,n:Prospecting+Remarketing_o:ASC 30% Cap BEB_p:250102 Ad set,120214615165760716,a:BEB_b:CMazzucco-BEB-ProdApp-4x5-MultiShadeBCA-RHM1309V2_c:ProdApp_d:_e:_f:PDP_g:250716_h:RHM,120229814563830716,_,fb,Paused,Accrual performance,Last non-direct touch,1,20.710000000000004,1651.0,18.0,0.0,0.0,0.0,237.0
n:Prospecting+Remarketing_o:ASC 30% Cap BEB_p:250102 Campaign,120214615165750716,n:Prospecting+Remarketing_o:ASC 30% Cap BEB_p:250102 Ad set,120214615165760716,a:BEB_b:MRusso-BEB-ProdApp-4x5-Muna-V2-US_c:ProdApp_d:_e:Video_f:PDP_g:250806,120231104852870716,_,fb,Paused,Accrual performance,Last non-direct touch,1,112.17,3966.0,35.0,0.0,0.0,0.0,901.0
n:Prospecting+Remarketing_o:ASC 30% Cap BEB_p:250102 Campaign,120214615165750716,n:Prospecting+Remarketing_o:ASC 30% Cap BEB_p:250102 Ad set,120214615165760716,a:BEB_b:MultiModel-BEB-Elena-Model-4x5MacroGridEverydayEssentialsLaunch_c:ProdShot_d:BEBEssentials_e:Static_f:PDP_g:250111,120214916509270716,_,fb,Paused,Accrual performance,Last non-direct touch,1,0.0,0.0,,0.0,0.0,,
n:Prospecting+Remarketing_o:ASC 30% Cap BEB_p:250102 Campaign,120214615165750716,n:Prospecting+Remarketing_o:ASC 30% Cap BEB_p:250102 Ad set,120214615165760716,a:BEB_b:NTamayo-BEB-ProdApp-4x5-Enhancing2-V2_c:ProdApp_d:EyeEnhancing_e:Video_f:PDP_g:250709,120229513965990716,_,fb,Active,Accrual performance,Last non-direct touch,1,4244.530000999999,123979.0,1390.0,4110.299999999999,71.0,0.9683757681136956,31800.0
n:Prospecting+Remarketing_o:ASC 30% Cap BEB_p:250102 Campaign,120214615165750716,n:Prospecting+Remarketing_o:ASC 30% Cap BEB_p:250102 Ad set,120214615165760716,a:BEB_b:NoModel-BEB-ProdAnimation-1x1-ShadeScale-RHM1226V4_c:ProdAnimation_d:_e:Static_f:PDP_g:250723_h:RHM,120230181984030716,_,fb,Active,Accrual performance,Last non-direct touch,1,1019.5999999999998,27925.0,347.0,1076.35,15.0,1.0556590819929388,257.0
n:Prospecting+Remarketing_o:ASC 30% Cap BEB_p:250102 Campaign,120214615165750716,n:Prospecting+Remarketing_o:ASC 30% Cap BEB_p:250102 Ad set,120214615165760716,a:BEB_b:NoModel-BEB-ProdShot-1080x1080+1080x1920-SmartlyTest_c:ProdShot_d:Transform_e:Static_f:BEB Duo_g:250312,120218689605000716,_,fb,Active,Accrual performance,Last non-direct touch,1,612.910001,29868.0,277.0,719.99,11.0,1.1747075407895,0.0
n:Prospecting+Remarketing_o:ASC 30% Cap BEB_p:250102 Campaign,120214615165750716,n:Prospecting+Remarketing_o:ASC 30% Cap BEB_p:250102 Ad set,120214615165760716,a:BEB_b:NoModel-BEB-ProdShot-1080x1080-NA-ShadeQuizUrgency-RHMConceptualFB-RHM254V1_c:ProdShot_d:_e:Static_f:PDP_g:250312,120218689419350716,_,fb,Active,Accrual performance,Last non-direct touch,1,521.600002,24960.0,178.0,578.67,8.0,1.1094133393043966,0.0
n:Prospecting+Remarketing_o:ASC 30% Cap BEB_p:250102 Campaign,120214615165750716,n:Prospecting+Remarketing_o:ASC 30% Cap BEB_p:250102 Ad set,120214615165760716,a:BEB_b:NoModel-BEB-ProdShot-1080x1350-NA-PostItStatics-NA-RHMConceptualFB-RHM818V2_c:ProdShot_d:_e:Static_f:BEBDuo_g:250723,120230181984000716,_,fb,Paused,Accrual performance,Last non-direct touch,1,0.0,0.0,,0.0,0.0,,
n:Prospecting+Remarketing_o:ASC 30% Cap BEB_p:250102 Campaign,120214615165750716,n:Prospecting+Remarketing_o:ASC 30% Cap BEB_p:250102 Ad set,120214615165760716,a:BEB_b:NoModel-BEB-ProdShot-1x1-2for8Static-RHM1092V1_c:ProdShot_d:_e:Static_f:PDP_g:250312,120218688735880716,_,fb,Active,Accrual performance,Last non-direct touch,1,1145.9700019999998,37671.0,392.0,656.1899999999999,9.0,0.5726066117392137,0.0
n:Prospecting+Remarketing_o:ASC 30% Cap BEB_p:250102 Campaign,120214615165750716,n:Prospecting+Remarketing_o:ASC 30% Cap BEB_p:250102 Ad set,120214615165760716,a:BEB_b:NoModel-BEB-ProdShot-1x1-CADPersonaStatics-RHM1206V4_c:ProdShot_d:_e:Static_f:PDP_g:250723_h:RHM,120230181984020716,_,fb,Active,Accrual performance,Last non-direct touch,1,2885.1299980000003,103282.0,1389.0,2407.8,36.0,0.8345551159459401,0.0
n:Prospecting+Remarketing_o:ASC 30% Cap BEB_p:250102 Campaign,120214615165750716,n:Prospecting+Remarketing_o:ASC 30% Cap BEB_p:250102 Ad set,120214615165760716,a:BEB_b:SPavlos-BEB-ProdApp-1x1-Lauren-MatteLaunch_c:ProdApp_d:NEWMatteShades_e:Video_f:PDP_g:250711,120229593965670716,_,fb,Paused,Accrual performance,Last non-direct touch,1,0.0,0.0,,0.0,0.0,,
n:Prospecting+Remarketing_o:ASC 30% Cap BEB_p:250102 Campaign,120214615165750716,n:Prospecting+Remarketing_o:ASC 30% Cap BEB_p:250102 Ad set,120214615165760716,a:BEB_b:SPavlos-BEB-ProdApp-Regular-GridMacro_c:ProdApp_d:_e:Video_f:PDP_g:250312,120218688670200716,_,fb,Active,Accrual performance,Last non-direct touch,1,713.9300000000002,27918.0,262.0,603.4300000000001,9.0,0.8452229210146652,8507.0
n:Prospecting+Remarketing_o:ASC 30% Cap BEB_p:250102 Campaign,120214615165750716,n:Prospecting+Remarketing_o:ASC 30% Cap BEB_p:250102 Ad set,120214615165760716,a:BEB_b:SPavlos-BEB-ProdApp-Riji-4x5-EverydayEssentials_c:ProdApp_d:BEBEssentials_e:Video_f:PDP_g:250102 - Copy,120214617573020716,_,fb,Active,Accrual performance,Last non-direct touch,1,0.0,0.0,,0.0,0.0,,
n:Prospecting+Remarketing_o:ASC 30% Cap BEB_p:250102 Campaign,120214615165750716,n:Prospecting+Remarketing_o:ASC 30% Cap BEB_p:250102 Ad set,120214615165760716,a:BEB_b:TH1347.6O-Clare-PerfectForSummerBEB-Muna-BCA-B_c:ProdApp_d:_e:Video_f:PDP_g:250312_h:NRTV,120218688581730716,_,fb,Active,Accrual performance,Last non-direct touch,1,1276.1699999999998,36998.0,550.0,1354.64,23.0,1.0614886731391586,11028.0
n:Prospecting+Remarketing_o:ASC 30% Cap BEB_p:250102 Campaign,120214615165750716,n:Prospecting+Remarketing_o:ASC 30% Cap BEB_p:250102 Ad set,120214615165760716,a:BEB_b:TH1539-Etana-ReplyToCommentBEB-Pili-A-WL-QuickMakeupHacks_c:ProdApp_d:_e:Video_f:PDP_g:250723_h:NRTV,120230181983970716,_,fb,Paused,Accrual performance,Last non-direct touch,1,66.75999999999999,2420.0,43.0,48.33,1.0,0.7239364889155183,695.0
n:Prospecting+Remarketing_o:ASC 30% Cap BEB_p:250102 Campaign,120214615165750716,n:Prospecting+Remarketing_o:ASC 30% Cap BEB_p:250102 Ad set,120214615165760716,a:BEB_b:TH1609-Allison-MatureWomenBEB-Anise-C_c:ProdApp_d:_e:Video_f:PDP_g:250618_h:NRTV2025,120228328049900716,_,fb,Active,Accrual performance,Last non-direct touch,1,47.14,2496.0,37.0,42.0,1.0,0.8909630886720407,412.0
n:Prospecting+Remarketing_o:ASC 30% Cap Matte Lip Tint Campaign_p:250318,120219147643550716,n:Prospecting+Remarketing_o:ASC 30% Cap Matte Lip Tint Campaign_p:250318 Ad set,120219147643540716,a:MatteLipTint_b:SPavlos-MatteLipTint-ProdApp-4x5-Nancy_c:ProdApp_d:_e:Video_f:PDP_g:250326,120219974651440716,_,fb,Active,Accrual performance,Last non-direct touch,1,0.0,0.0,,0.0,0.0,,
n:Prospecting+Remarketing_o:ASC 30% Cap Sets_p:250405 Campaign,120220965537890716,n:Prospecting+Remarketing_o:ASC 30% Cap Sets_p:250405 Ad set,120220965537900716,"Ad ID: 1202311, Adset ID: 120220965537900716, Campaign ID: 120220965537890716",1202311,_,fb,,Accrual performance,Last non-direct touch,1,0.0,0.0,,0.0,0.0,,
n:Prospecting+Remarketing_o:ASC 30% Cap Sets_p:250405 Campaign,120220965537890716,n:Prospecting+Remarketing_o:ASC 30% Cap Sets_p:250405 Ad set,120220965537900716,a:BEB+IWEL+LipTint+Mascara_b:-BEB+IWEL+LipTint+Mascara-ProdShot-1x1-RIFBundleAdapt-RHM1335V3_c:ProdShot_d:_e:Static_f:PDP_g:250806_h:RHM,120231104791200716,_,fb,Active,Accrual performance,Last non-direct touch,1,6783.600001,414948.0,3472.0,8337.55,100.0,1.22907453251532,0.0
n:Prospecting+Remarketing_o:ASC 30% Cap Sets_p:250405 Campaign,120220965537890716,n:Prospecting+Remarketing_o:ASC 30% Cap Sets_p:250405 Ad set,120220965537900716,a:BEB+IWEL+LipTint+Mascara_b:HJones-BEB+IWEL+LipTint+stimonial-RHMMascara-ProdApp-4x5-RIFBundleBCATe1312V3_c:ProdApp_d:_e:Video_f:PDP_g:250730_h:RHM,120230798599730716,_,fb,Active,Accrual performance,Last non-direct touch,1,20.65,746.0,14.0,0.0,0.0,0.0,190.0
n:Prospecting+Remarketing_o:ASC 30% Cap Sets_p:250405 Campaign,120220965537890716,n:Prospecting+Remarketing_o:ASC 30% Cap Sets_p:250405 Ad set,120220965537900716,a:BEB+IWEL+Mascara_b:BEB+IWEL+Mascara-ProdShot-1x1-OnTheGoLPStaticsScales1-RHM1284V1_c:ProdShot_d:_e:Static_f:3-Step Signature_g:250625_h:RHM,120228767482260716,_,fb,Active,Accrual performance,Last non-direct touch,1,1156.88,58559.0,359.0,637.49,8.0,0.5510424590277297,0.0
n:Prospecting+Remarketing_o:ASC 30% Cap Sets_p:250405 Campaign,120220965537890716,n:Prospecting+Remarketing_o:ASC 30% Cap Sets_p:250405 Ad set,120220965537900716,a:BEB+IWEL+Mascara_b:BEB+IWEL+Mascara-ProdShot-1x1-OnTheGoStaticsScales2-RHM1285V1_c:ProdShot_d:_e:Static_f:3-Step Signature-LP_g:250625_h:RHM,120228767090630716,_,fb,Active,Accrual performance,Last non-direct touch,1,89.92000000000003,4195.0,33.0,95.09,2.0,1.0574955516014233,0.0
n:Prospecting+Remarketing_o:ASC 30% Cap Sets_p:250405 Campaign,120220965537890716,n:Prospecting+Remarketing_o:ASC 30% Cap Sets_p:250405 Ad set,120220965537900716,a:BEB+IWEL+Mascara_b:HJones-BEB+IWEL+Mascara-ProdApp-4x5-3SSEBundleBCATestimonial-RHM1302V1_c:ProdApp_d:_e:Video_f:PDP_g:250716_h:RHM,120229814887980716,_,fb,Active,Accrual performance,Last non-direct touch,1,1383.3200000000004,48350.0,651.0,1647.28,22.0,1.1908162970245493,9402.0
n:Prospecting+Remarketing_o:ASC 30% Cap Sets_p:250405 Campaign,120220965537890716,n:Prospecting+Remarketing_o:ASC 30% Cap Sets_p:250405 Ad set,120220965537900716,a:BEB+IWEL+Mascara_b:HJones-BEB+IWEL+Mascara-ProdApp-4x5-3SSEBundleBCATestimonial-RHM1302V2_c:ProdApp_d:_e:Video_f:PDP_g:250709_h:RHM,120229513737850716,_,fb,Active,Accrual performance,Last non-direct touch,1,2144.6000000000004,58371.0,864.0,2490.9399999999996,31.0,1.1614939848922872,19496.0
n:Prospecting+Remarketing_o:ASC 30% Cap Sets_p:250405 Campaign,120220965537890716,n:Prospecting+Remarketing_o:ASC 30% Cap Sets_p:250405 Ad set,120220965537900716,a:BEB+IWEL+Mascara_b:MHorning-BEB+IWEL+Mascara-ProdApp-4x5-3StepSignatureEyeEVGBundle-RHM1273V3_c:ProdApp_d:_e:Video_f:PDP_g:250625_h:RHM,120228772374890716,_,fb,Active,Accrual performance,Last non-direct touch,1,1760.9600010000004,52951.0,930.0,2119.02,27.0,1.2033322726221307,16092.0
n:Prospecting+Remarketing_o:ASC 30% Cap Sets_p:250405 Campaign,120220965537890716,n:Prospecting+Remarketing_o:ASC 30% Cap Sets_p:250405 Ad set,120220965537900716,a:BEB+IWEL+Mascara_b:NoModel-BEB+IWEL+Mascara-ProdApp-1x1-3StepSignatureEyeLPSocialProof-RHM1267V4_c:ProdApp_d:_e:Static_f:Busy Moms-LP_g:250618_h:RHM,120228328989020716,_,fb,Active,Accrual performance,Last non-direct touch,1,3.1100000000000003,289.0,4.0,73.18,1.0,23.530546623794212,0.0
n:Prospecting+Remarketing_o:ASC 30% Cap Sets_p:250405 Campaign,120220965537890716,n:Prospecting+Remarketing_o:ASC 30% Cap Sets_p:250405 Ad set,120220965537900716,a:BEB+IWEL+Mascara_b:NoModel-BEB+IWEL+Mascara-ProdShot-1x1-3StepSignatureEyeLPAssorted-RHM1266V3_c:ProdShot_d:_e:Static_f:Busy Moms-LP_g:250625_h:RHM,120228771283460716,_,fb,Active,Accrual performance,Last non-direct touch,1,14.66,914.0,7.0,0.0,0.0,0.0,0.0
n:Prospecting+Remarketing_o:ASC 30% Cap Sets_p:250405 Campaign,120220965537890716,n:Prospecting+Remarketing_o:ASC 30% Cap Sets_p:250405 Ad set,120220965537900716,a:BEB_b:BEB-ProdApp-4x5-MattesTestimonialBCA-RHM1219V1_c:ProdApp_d:_e:Video_f:BEBDuo_g:250514_h:RHM,120225701589540716,_,fb,Active,Accrual performance,Last non-direct touch,1,293.36999800000007,12021.0,191.0,375.53,4.0,1.2800559108297087,3290.0
n:Prospecting+Remarketing_o:ASC 30% Cap Sets_p:250405 Campaign,120220965537890716,n:Prospecting+Remarketing_o:ASC 30% Cap Sets_p:250405 Ad set,120220965537900716,a:BEB_b:NoModel-BEB-ProdAnimation-1x1-ReturnCustomerShadeGridIterations-RHM1260V1_c:ProdAnimation_d:_e:Static_f:BEBDuo_g:250528_h:RHM,120226836828550716,_,fb,Paused,Accrual performance,Last non-direct touch,1,0.0,0.0,,0.0,0.0,,
n:Prospecting+Remarketing_o:ASC 30% Cap Sets_p:250405 Campaign,120220965537890716,n:Prospecting+Remarketing_o:ASC 30% Cap Sets_p:250405 Ad set,120220965537900716,a:BUEB+BUEBPowder_b:DOBrian-BUEBCorrector+BUEBPowder-ProdApp-4x5-CorrectorPowderLaunch-RHM1256V4_c:ProdApp_d:_e:Video_f:BUEBDuoSet_g:250618_h:RHM,120228329321350716,_,fb,Paused,Accrual performance,Last non-direct touch,1,55.29,1727.0,46.0,31.75,1.0,0.5742448905769578,396.0
n:Prospecting+Remarketing_o:ASC 30% Cap Sets_p:250405 Campaign,120220965537890716,n:Prospecting+Remarketing_o:ASC 30% Cap Sets_p:250405 Ad set,120220965537900716,a:BUEB+BUEBPowder_b:LKeisling-BEB-ProdAp-4x5-BUEB-V2_c:ProdApp_d:_e:Video_f:BUEBDuo_g:250618,120228327797360716,_,fb,Paused,Accrual performance,Last non-direct touch,1,0.0,0.0,,0.0,0.0,,
n:Prospecting+Remarketing_o:ASC 30% Cap Sets_p:250405 Campaign,120220965537890716,n:Prospecting+Remarketing_o:ASC 30% Cap Sets_p:250405 Ad set,120220965537900716,a:BUEB+BUEBPowder_b:TLanford-BUEBCorrector+BUEBPowder-ProdApp-4x5-BUEBCorrectorPowderLaunch-RHM1247V4_c:ProdApp_d:_e:Video_f:BUEBDuoSet_g:250611_h:RHM,120227778977480716,_,fb,Paused,Accrual performance,Last non-direct touch,1,481.049999,17637.0,286.0,101.12,2.0,0.2102068396428787,4030.0
n:Prospecting+Remarketing_o:ASC 30% Cap Sets_p:250405 Campaign,120220965537890716,n:Prospecting+Remarketing_o:ASC 30% Cap Sets_p:250405 Ad set,120220965537900716,a:BrowGel+BrowLiner_b:-BrowGel+BrowLiner--1x1-TotalBrowMakeoverEVGBundle-RHM1269V4_c:_d:_e:Static_f:PDP_g:250604_h:RHM,120227256779460716,_,fb,Paused,Accrual performance,Last non-direct touch,1,65.98,2893.0,33.0,91.24,2.0,1.382843285844195,0.0
n:Prospecting+Remarketing_o:ASC 30% Cap Sets_p:250405 Campaign,120220965537890716,n:Prospecting+Remarketing_o:ASC 30% Cap Sets_p:250405 Ad set,120220965537900716,a:BrowGel+IWEL+Mascara_b:LKiesling Brow Gel-IWEL-LLEM-4x5-V1_c:ProdApp_d:BrowGel+Eyeliner+MascaraSet_e:Video_f:PDP_g:250423,120223422233340716,_,fb,Active,Accrual performance,Last non-direct touch,1,179.88000000000002,10255.0,105.0,406.96,6.0,2.262397153657994,1580.0
n:Prospecting+Remarketing_o:ASC 30% Cap Sets_p:250405 Campaign,120220965537890716,n:Prospecting+Remarketing_o:ASC 30% Cap Sets_p:250405 Ad set,120220965537900716,a:BrowGel+IWEL+Mascara_b:LKiesling Brow Gel-IWEL-LLEM-4x5-V2_c:ProdApp_d:BrowGel+Eyeliner+MascaraSet_e:Video_f:PDP_g:250416,120222979396150716,_,fb,Active,Accrual performance,Last non-direct touch,1,239.29,9955.0,166.0,398.95,5.0,1.6672238706172426,1915.0
n:Prospecting+Remarketing_o:ASC 30% Cap Sets_p:250405 Campaign,120220965537890716,n:Prospecting+Remarketing_o:ASC 30% Cap Sets_p:250405 Ad set,120220965537900716,a:BrowGel+IWEL+Mascara_b:LKiesling Brow Gel-IWEL-LLEM-4x5-V3_c:ProdApp_d:BrowGel+Eyeliner+MascaraSet_e:Video_f:PDP_g:250416,120222979396160716,_,fb,Active,Accrual performance,Last non-direct touch,1,153.09999999999997,6342.0,104.0,181.44,3.0,1.1851077726975836,1728.0
n:Prospecting+Remarketing_o:ASC 30% Cap Sets_p:250405 Campaign,120220965537890716,n:Prospecting+Remarketing_o:ASC 30% Cap Sets_p:250405 Ad set,120220965537900716,a:LipTint+Lipliner_b:SSingh-MultiProd-ProdApp-4x5-Bundle-V2A_c:ProdApp_d:_e:Video_f:PDP_g:250528,120226836947320716,_,fb,Active,Accrual performance,Last non-direct touch,1,2.5800000000000005,78.0,1.0,0.0,0.0,0.0,21.0
n:Prospecting+Remarketing_o:ASC 30% Cap Sets_p:250405 Campaign,120220965537890716,n:Prospecting+Remarketing_o:ASC 30% Cap Sets_p:250405 Ad set,120220965537900716,a:Mascara+Empowermatte_b:FGroh-MultiProd-ProdApp-4x5-BerryTown-V1-US_c:ProdApp_d:BerryCollection_e:Video_f:PDP_g:250702,120229173750370716,_,fb,Paused,Accrual performance,Last non-direct touch,1,0.0,0.0,,31.95,1.0,,
n:Prospecting+Remarketing_o:ASC 30% Cap Sets_p:250405 Campaign,120220965537890716,n:Prospecting+Remarketing_o:ASC 30% Cap Sets_p:250405 Ad set,120220965537900716,a:Mascara+Empowermatte_b:FGroh-MultiProd-ProdApp-4x5-BerryTown-V2-US_c:ProdApp_d:BerryCollection_e:Video_f:PDP_g:250702,120229173750360716,_,fb,Paused,Accrual performance,Last non-direct touch,1,0.0,0.0,,135.91,1.0,,
n:Prospecting+Remarketing_o:ASC 30% Cap Sets_p:250405 Campaign,120220965537890716,n:Prospecting+Remarketing_o:ASC 30% Cap Sets_p:250405 Ad set,120220965537900716,a:Mascara+IWEL+BrowGel_b:NoModel-MultiProd-Prodshot-4x5-CompleteEyeTrans_c:ProdShot_d:_e:Static_f:PDP_g:250528,120226836757680716,_,fb,Active,Accrual performance,Last non-direct touch,1,6.039999999999997,508.0,3.0,0.0,0.0,0.0,0.0
n:Prospecting+Remarketing_o:ASC 30% Cap Sets_p:250405 Campaign,120220965537890716,n:Prospecting+Remarketing_o:ASC 30% Cap Sets_p:250405 Ad set,120220965537900716,a:MultiProd_b:NoModel-MultiProd-ProdShot-1x1-ProductBestSellers-20offPromo-Evergreen USA-V1_c:ProdShot_d:NewCustomerOffer-20%_e:Static_f:MakeupBestSellers_g:250730,120230799469500716,_,fb,Paused,Accrual performance,Last non-direct touch,1,148.39,12247.0,55.0,167.91,1.0,1.1315452523754972,0.0
n:Prospecting+Remarketing_o:ASC 30% Cap Sets_p:250405 Campaign,120220965537890716,n:Prospecting+Remarketing_o:ASC 30% Cap Sets_p:250405 Ad set,120220965537900716,a:MultiProd_b:NoModel-MultiProd-ProdShot-1x1-ProductBestSellers-20offPromo-Evergreen USA-V2_c:ProdShot_d:NewCustomerOffer-20%_e:Static_f:MakeupBestSellers_g:250730,120230799469510716,_,fb,Paused,Accrual performance,Last non-direct touch,1,11.65,1194.0,8.0,0.0,0.0,0.0,0.0
n:Prospecting+Remarketing_o:ASC 30% Cap Sets_p:250405 Campaign,120220965537890716,n:Prospecting+Remarketing_o:ASC 30% Cap Sets_p:250405 Ad set,120220965537900716,a:MultiProd_b:NoModel-MultiProd-ProdShot-1x1-ProductShelfie-20offPromo-Evergreen_USA_c:ProdShot_d:NewCustomerOffer-20%_e:Static_f:MakeupBestSellers_g:250730,120230799469490716,_,fb,Active,Accrual performance,Last non-direct touch,1,2.9200000000000004,415.0,3.0,67.5,1.0,23.11643835616438,0.0
n:Prospecting+Remarketing_o:ASC 80% Cap Berry Collection_p:250423 Campaign,120223278062210716,n:Prospecting+Remarketing_o:ASC 80% Cap Berry Collection_p:250423 Ad set,120223278062200716,a:Empowermatte_b:MRusso-EmpowerMatte-ProdApp-4x5-Ghizlan-V2_c:ProdApp_d:BerryCollection_e:Video_f:PDP_g:250423,120223350010300716,_,fb,Active,Accrual performance,Last non-direct touch,1,0.0,0.0,,0.0,0.0,,
n:Prospecting+Remarketing_o:ASC No Cap 12/29-1/1 BTBS Buy 2 Get 1 Promo_p:241229 Campaign,120214325609350716,n:Prospecting+Remarketing_o:ASC No Cap 12/29-1/1 BTBS Buy 2 Get 1 Promo_p:241229 Ad set,120214325609340716,a:EyeCream+LiquidBalm_b:NoModel-EyeCream+LiquidBalm-ProdShot-1x1-BTBSBuy2Get1FreePromoTopicalsInspiredStaticAsset_c:ProdAnimation_d:_e:Static_f:SkincareBestSellers_g:241229,120214358930250716,_,fb,Active,Accrual performance,Last non-direct touch,1,0.0,0.0,,0.0,0.0,,
n:Prospecting+Remarketing_o:Bid Cap Test Mixed Audiences + Delivery_p:231108,120200603725760716,i:Broad_j:Prospecting_k:ABO_l:231208_m:H1 Top Performers IG Reels + Stories,120201925257100716,a:IWES_b:ELucas-IWES-ProdApp-1080x1080-Elena-ObsessedWithThisShade_c:ProdApp_d:_e:Video_f:PDP_g:230329 - Copy,120201925257080716,_,fb,Paused,Accrual performance,Last non-direct touch,1,0.0,0.0,,0.0,0.0,,
n:Prospecting+Remarketing_o:Bid Cap Test Mixed Audiences + Delivery_p:231108,120200603725760716,i:Laspsed+Unengaged Customers_j:Remarketing_k:ABO_l:241205_m:Mixed Evergreen Creative,120213979011050716,a:BEB_b:NoModel-BEB-ProdShot-1x1-CADPersonaStatics-RHM1206V2_c:ProdShot_d:_e:Static_f:PDP_g:250409_h:RHM,120222484171930716,_,fb,Active,Accrual performance,Last non-direct touch,1,0.0,0.0,,0.0,0.0,,
n:Prospecting_o:ASC 0% Cap_BEB_p:221118_Shop_23112 Campaign,120201316864050716,n:Prospecting_o:ASC 0% Cap_BEB_p:221118_Shop_23112 Ad set,120201316864020716,a:BEB_b:TH1347.1H-Clare-PerfectForSummerBEB-Muna-BCA-A_c:ProdApp_d:This is my favorite_e:Video_f:PDP_g:240916_h:NRTV,120212084635410716,_,fb,Paused,Accrual performance,Last non-direct touch,1,0.0,0.0,,0.0,0.0,,
n:Prospecting_o:ASC 0% Cap_BEB_p:221118_Shop_23112 Campaign,120201316864050716,n:Prospecting_o:ASC 0% Cap_BEB_p:221118_Shop_23112 Ad set,120201316864020716,a:BEB_b:TH1470.3H-Alexis-WL-QuickMakeUpHacks-ProductReviewBEB-ShaneyJoe-A_c:ProdApp_d:_e:Video_f:PDP_g:241216_h:NRTV,120214185272900716,_,fb,Active,Accrual performance,Last non-direct touch,1,0.0,0.0,,0.0,0.0,,
n:Prospecting_o:ASC 0% Cap_Lips_p:240408 Campaign,120207821018670716,n:Prospecting_o:ASC 0% Cap_Lips_p:240408 Ad set,120207821018440716,a:LipTint_b:NoModel-LipTint-Animation-1080x1080-SheerStrengthKaisa_c:ProdAnimation_d:_e:Video_f:PDP_g:240124_h:BIS,120208680952920716,_,fb,Active,Accrual performance,Last non-direct touch,1,0.0,0.0,,0.0,0.0,,
n:Prospecting_o:ASC 100% Cap BEB Mattes Launch_p:240925 Campaign,120212268028180716,n:Prospecting_o:ASC 100% Cap BEB Mattes Launch_p:240925 Ad set,120212268028170716,a:BEB_b:TH1470.2O-Alexis-ProductReviewBEB-ShaneyJoe-3rdParty-B_c:ProdApp_d:_e:Video_f:PDP_g:241101_h:NRTV,120213152460390716,_,fb,Active,Accrual performance,Last non-direct touch,1,0.0,0.0,,0.0,0.0,,
n:Prospecting_o:ASC 100% Cap BEB Topper Launch_p:241008 Campaign,120212533595630716,n:Prospecting_o:ASC 100% Cap BEB Topper Launch_p:241008 Ad set,120212533595500716,a:BEB_b:SPavlos-BEB-ProdApp-1x1-Shade Marylin-TopperLaunch-V2_c:ProdApp_d:NEWChromeShades_e:Video_f:PDP_g:241023,120212931057140716,_,fb,Active,Accrual performance,Last non-direct touch,1,0.0,0.0,,0.0,0.0,,
n:Prospecting_o:ASC 20% Off New Customers_p:230320_q:1Day Click Campaign,23853284139200715,n:Prospecting_o:ASC 20% Off New Customers_p:230320_q:1Day Click Ad set,23853284139260715,a:Mascara_b:MultiModel-VD-J2v1A-LLEMMulti20%off-45-VC_c:ProdApp_d:_e:Video_f:PDP_g:230324,23853520055550715,_,fb,Paused,Accrual performance,Last non-direct touch,1,0.0,0.0,,0.0,0.0,,
n:Prospecting_o:ASC 20% Off New Customers_p:230320_q:1Day Click Campaign,23853284139200715,n:Prospecting_o:ASC 20% Off New Customers_p:230320_q:1Day Click Ad set,23853284139260715,a:Mascara_b:NoModel-Mascara-ProdShot-1080x1080-NA-20OffWelcome-RHMConceptualFB-RHM380V1_c:ProdShot_d:_e:Static_f:PDP_g:230329,23853353640110715,_,fb,Paused,Accrual performance,Last non-direct touch,1,0.0,0.0,,0.0,0.0,,
n:Prospecting_o:ASC 7/19-7/20 Up to 40% off + Free Shipping Promo_p:250719,120229819015900716,n:Prospecting_o:ASC 7/19-7/20 Up to 40% off + Free Shipping Promo_p:250719,120229819015960716,a:MultiProd_b:NoModel-MultiProd-1x1-PSA-FreeShippingPromo-US-Remarketing_c:ProdShot_d:Promo_e:Static_f:MakeupBestSellers_g:250719,120229819015930716,_,fb,Active,Accrual performance,Last non-direct touch,1,0.0,0.0,,0.0,0.0,,
n:Prospecting_o:ASC 8/2-8/3/25 Summer sets Price Drop + Free Shipping Promo_p:250802,120230909272850716,n:Prospecting_o:ASC 8/2-8/3/25 Summer sets Price Drop + Free Shipping Promo_p:250802,120230909272830716,a:MultiProd_b:NoModel-MultiProd-1x1-PSA-FreeShippingPromo-US-Remarketing_c:ProdShot_d:Promo_e:Static_f:MakeupBestSellers_g:250802,120230909272880716,_,fb,Active,Accrual performance,Last non-direct touch,1,0.0,0.0,,0.0,0.0,,
n:Prospecting_o:ASC 8/2-8/3/25 Summer sets Price Drop + Free Shipping Promo_p:250802,120230909272850716,n:Prospecting_o:ASC 8/2-8/3/25 Summer sets Price Drop + Free Shipping Promo_p:250802,120230909272830716,a:MultiProd_b:NoModel-MultiProduct-Animated-1x1-3.1-3.2FreeShippingPromo_c:ProdAnimation_d:Promo_e:GIF_f:MakeupBestSellers_g:250802,120230909272870716,_,fb,Active,Accrual performance,Last non-direct touch,1,0.0,0.0,,0.0,0.0,,
n:Prospecting_o:ASC 8/2-8/3/25 Summer sets Price Drop + Free Shipping Promo_p:250802,120230909272850716,n:Prospecting_o:ASC 8/2-8/3/25 Summer sets Price Drop + Free Shipping Promo_p:250802,120230909272830716,a:MultiProd_b:NoModel-MultiProducts-Prodshot-1x1-USSummerSetsDrop-AllSets_c:ProdShot_d:Promo_e:Static_f:ValueSets_g:250802,120230909272840716,_,fb,Active,Accrual performance,Last non-direct touch,1,0.0,0.0,,0.0,0.0,,
n:Prospecting_o:ASC 8/2-8/3/25 Summer sets Price Drop + Free Shipping Promo_p:250802,120230909272850716,n:Prospecting_o:ASC 8/2-8/3/25 Summer sets Price Drop + Free Shipping Promo_p:250802,120230909272830716,a:NoProd_b:NoModel-NoProd-1x1-USSummerSetsDrop-PRICEDROP_c:ProdShot_d:Promo_e:Static_f:ValueSets_g:250802,120230909272820716,_,fb,Active,Accrual performance,Last non-direct touch,1,0.0,0.0,,63.34,1.0,,
n:Prospecting_o:Awareness LLEM Full Funnel Test_p:250801,120230083757430716,i:LAL 180D Purchasers W45+_j:Prospecting_k:ABO_l:250801_m:LLEM Full Funnel Test- Reach Target,120230855570780716,a:Mascara_b:BHoellein-Mascara-LLEM-Reel-PartnerAd_c:ProdApp_d:LLEMFullFunnelTest-Education_e:Video_f:PDP_g:250801,120230855570760716,_,fb,Active,Accrual performance,Last non-direct touch,1,396.94000000000005,92597.0,176.0,0.0,0.0,0.0,21992.0
n:Prospecting_o:Awareness LLEM Full Funnel Test_p:250801,120230083757430716,i:LAL 180D Purchasers W45+_j:Prospecting_k:ABO_l:250801_m:LLEM Full Funnel Test- Reach Target,120230855570780716,a:Mascara_b:CGilson-Mascara-ProdApp-4x5-BCATestimonial-RHM1371V2_c:ProdApp_d:_e:Video_f:PDP_g:250801,120230855570750716,_,fb,Active,Accrual performance,Last non-direct touch,1,51.9,12029.0,29.0,0.0,0.0,0.0,3485.0
n:Prospecting_o:Awareness LLEM Full Funnel Test_p:250801,120230083757430716,i:LAL 180D Purchasers W45+_j:Prospecting_k:ABO_l:250801_m:LLEM Full Funnel Test- Reach Target,120230855570780716,a:Mascara_b:MRostamian-LLEM-ProdApp-1x1-UpperFun-V4-US_c:ProdApp_d:LLEMFullFunnelTest-Education_e:Video_f:PDP_g:250801,120230855570770716,_,fb,Active,Accrual performance,Last non-direct touch,1,678.879999,156034.0,440.0,0.0,0.0,0.0,38409.0
n:Prospecting_o:Awareness LLEM Full Funnel Test_p:250801,120230083757430716,i:LAL 180D Purchasers W45+_j:Prospecting_k:ABO_l:250801_m:LLEM Full Funnel Test- Thruplay Cap,120230083880930716,a:Mascara_b:BHoellein-Mascara-LLEM-Reel-PartnerAd_c:ProdApp_d:LLEMFullFunnelTest-Education_e:Video_f:PDP_g:250801,120230843322660716,_,fb,Active,Accrual performance,Last non-direct touch,1,915.469998,91062.0,823.0,0.0,0.0,0.0,54661.0
n:Prospecting_o:Awareness LLEM Full Funnel Test_p:250801,120230083757430716,i:LAL 180D Purchasers W45+_j:Prospecting_k:ABO_l:250801_m:LLEM Full Funnel Test- Thruplay Cap,120230083880930716,a:Mascara_b:CGilson-Mascara-ProdApp-4x5-BCATestimonial-RHM1371V2_c:ProdApp_d:_e:Video_f:PDP_g:250801,120230843322670716,_,fb,Active,Accrual performance,Last non-direct touch,1,149.23000199999996,17137.0,141.0,0.0,0.0,0.0,10030.0
n:Prospecting_o:Awareness LLEM Full Funnel Test_p:250801,120230083757430716,i:LAL 180D Purchasers W45+_j:Prospecting_k:ABO_l:250801_m:LLEM Full Funnel Test- Thruplay Cap,120230083880930716,a:Mascara_b:MRostamian-LLEM-ProdApp-1x1-UpperFun-V4-US_c:ProdApp_d:LLEMFullFunnelTest-Education_e:Video_f:PDP_g:250801,120230843322640716,_,fb,Active,Accrual performance,Last non-direct touch,1,25.07000000000001,1975.0,11.0,0.0,0.0,0.0,1175.0
n:Prospecting_o:Awareness LLEM Full Funnel Test_p:250801,120230083757430716,i:Women 45-54_j:Prospecting_k:ABO_l:250801_m:LLEM Full Funnel Test- Thruplay Target,120230855649070716,a:Mascara_b:BHoellein-Mascara-LLEM-Reel-PartnerAd_c:ProdApp_d:LLEMFullFunnelTest-Education_e:Video_f:PDP_g:250801,120230855649080716,_,fb,Active,Accrual performance,Last non-direct touch,1,1834.7099969999997,179462.0,574.0,0.0,0.0,0.0,50579.0
n:Prospecting_o:Awareness LLEM Full Funnel Test_p:250801,120230083757430716,i:Women 45-54_j:Prospecting_k:ABO_l:250801_m:LLEM Full Funnel Test- Thruplay Target,120230855649070716,a:Mascara_b:CGilson-Mascara-ProdApp-4x5-BCATestimonial-RHM1371V2_c:ProdApp_d:_e:Video_f:PDP_g:250801,120230855649050716,_,fb,Active,Accrual performance,Last non-direct touch,1,239.34999999999997,25316.0,125.0,0.0,0.0,0.0,7528.0
n:Prospecting_o:Awareness LLEM Full Funnel Test_p:250801,120230083757430716,i:Women 45-54_j:Prospecting_k:ABO_l:250801_m:LLEM Full Funnel Test- Thruplay Target,120230855649070716,a:Mascara_b:MRostamian-LLEM-ProdApp-1x1-UpperFun-V4-US_c:ProdApp_d:LLEMFullFunnelTest-Education_e:Video_f:PDP_g:250801,120230855649060716,_,fb,Active,Accrual performance,Last non-direct touch,1,154.77000000000004,13272.0,58.0,0.0,0.0,0.0,3661.0
n:Prospecting_o:EmpowerMatte Launch Campaign_p:240612,120209816847310716,i:Broad_j:Prospecting_k:CBO_l:240708_m:EmpowerMatte Launch Set 5 new shades,120210505634250716,a:EmpowerMatte_b:VGranados-EmpowerMatte-ProdApp-1x1-Evelyn_c:ProdApp_d:_e:Video_f:PDP_g:240708 - Copy,120210505645280716,_,fb,Archived,Accrual performance,Last non-direct touch,1,0.0,0.0,,0.0,0.0,,
n:Prospecting_o:LLEM_PII Test_p:250726,120230259194410716,n:Prospecting_o:Control Klaviyo Cell - LLEM_p:250726,120230259250360716,a:Mascara_b:MPrado-LLEM-ProdShot-1x1-NewsStyle-V2_c:ProdShot_d:_e:Static_f:PDP_g:250725,120230275207290716,_,fb,Active,Accrual performance,Last non-direct touch,1,0.0,0.0,,0.0,0.0,,
n:Prospecting_o:LLEM_PII Test_p:250726,120230259194410716,n:Prospecting_o:Control Klaviyo Cell - LLEM_p:250807,120231101656680716,a:Mascara_b:HJones-Mascara-ProdApp-4x5-BCATestimonial-RHM1120V2_c:ProdApp_d:_e:Video_f:PDP_g:250725,120231101656730716,_,fb,Active,Accrual performance,Last non-direct touch,1,43.22,1943.0,28.0,268.3,4.0,6.207774178621009,534.0
n:Prospecting_o:LLEM_PII Test_p:250726,120230259194410716,n:Prospecting_o:Control Klaviyo Cell - LLEM_p:250807,120231101656680716,a:Mascara_b:LSmith-Mascara-ProdShot-1x1-MatureLashRevitalizerLPStatics-RHM1323V1_c:ProdShot_d:_e:Static_f:Mature Lash Revitalizer-LP_g:250725_h:RHM,120231101656700716,_,fb,Active,Accrual performance,Last non-direct touch,1,165.97,10109.0,60.0,0.0,0.0,0.0,0.0
n:Prospecting_o:LLEM_PII Test_p:250726,120230259194410716,n:Prospecting_o:Control Klaviyo Cell - LLEM_p:250807,120231101656680716,a:Mascara_b:MPrado-LLEM-ProdShot-1x1-NewsStyle-V2_c:ProdShot_d:_e:Static_f:PDP_g:250725,120231101656790716,_,fb,Active,Accrual performance,Last non-direct touch,1,530.73,31870.0,116.0,52.23,1.0,0.0984116217285625,0.0
n:Prospecting_o:LLEM_PII Test_p:250726,120230259194410716,n:Prospecting_o:Control Klaviyo Cell - LLEM_p:250807,120231101656680716,a:Mascara_b:MRostamian-Mascara-ProdApp-4x5-Testimonial-Crystal-RHM1163V1_c:ProdApp_d:_e:Video_f:PDP_g:250725,120231101656760716,_,fb,Active,Accrual performance,Last non-direct touch,1,9.0,202.0,2.0,0.0,0.0,0.0,78.0
n:Prospecting_o:LLEM_PII Test_p:250726,120230259194410716,n:Prospecting_o:Control Klaviyo Cell - LLEM_p:250807,120231101656680716,a:Mascara_b:MultiModel-Mascara-ProdApp-4x5-MatureFocus-RHM1242V2_c:ProdApp_d:_e:Video_f:PDP_g:250725_h:RHM,120231101656780716,_,fb,Active,Accrual performance,Last non-direct touch,1,100.25,3246.0,24.0,0.0,0.0,0.0,1329.0
n:Prospecting_o:LLEM_PII Test_p:250726,120230259194410716,n:Prospecting_o:PII Cell - LLEM_p:250726,120230259194420716,a:Mascara_b:MPrado-LLEM-ProdShot-1x1-NewsStyle-V2_c:ProdShot_d:_e:Static_f:PDP_g:250725,120230275207200716,_,fb,Active,Accrual performance,Last non-direct touch,1,0.0,0.0,,50.0,1.0,,
n:Prospecting_o:LLEM_PII Test_p:250726,120230259194410716,n:Prospecting_o:PII Cell - LLEM_p:250807,120231101656720716,a:Mascara_b:HJones-Mascara-ProdApp-4x5-BCATestimonial-RHM1120V2_c:ProdApp_d:_e:Video_f:PDP_g:250725,120231101656690716,_,fb,Active,Accrual performance,Last non-direct touch,1,43.45,2217.0,21.0,0.0,0.0,0.0,687.0
n:Prospecting_o:LLEM_PII Test_p:250726,120230259194410716,n:Prospecting_o:PII Cell - LLEM_p:250807,120231101656720716,a:Mascara_b:LSmith-Mascara-ProdShot-1x1-MatureLashRevitalizerLPStatics-RHM1323V1_c:ProdShot_d:_e:Static_f:Mature Lash Revitalizer-LP_g:250725_h:RHM,120231101656770716,_,fb,Active,Accrual performance,Last non-direct touch,1,190.66999999999996,12987.0,76.0,297.64,5.0,1.5610216604604816,0.0
n:Prospecting_o:LLEM_PII Test_p:250726,120230259194410716,n:Prospecting_o:PII Cell - LLEM_p:250807,120231101656720716,a:Mascara_b:MPrado-LLEM-ProdShot-1x1-NewsStyle-V2_c:ProdShot_d:_e:Static_f:PDP_g:250725,120231101656740716,_,fb,Active,Accrual performance,Last non-direct touch,1,607.880001,38812.0,160.0,220.92,5.0,0.3634269915716473,0.0
n:Prospecting_o:LLEM_PII Test_p:250726,120230259194410716,n:Prospecting_o:PII Cell - LLEM_p:250807,120231101656720716,a:Mascara_b:MRostamian-Mascara-ProdApp-4x5-Testimonial-Crystal-RHM1163V1_c:ProdApp_d:_e:Video_f:PDP_g:250725,120231101656750716,_,fb,Active,Accrual performance,Last non-direct touch,1,11.55,255.0,4.0,0.0,0.0,0.0,108.0
n:Prospecting_o:LLEM_PII Test_p:250726,120230259194410716,n:Prospecting_o:PII Cell - LLEM_p:250807,120231101656720716,a:Mascara_b:MultiModel-Mascara-ProdApp-4x5-MatureFocus-RHM1242V2_c:ProdApp_d:_e:Video_f:PDP_g:250725_h:RHM,120231101656710716,_,fb,Active,Accrual performance,Last non-direct touch,1,59.569999999999986,2358.0,19.0,0.0,0.0,0.0,969.0
n:Prospecting_o:Manual ABO NC Event Test 2.0_p:250127,120215074953050716,i:Broad_j:Prospecting_k:ABO_l:250127_m:LLEM New Customer Event,120215075115900716,a:Mascara_b:FGroh-LLEM-Berry-US-4x5-V2_c:ProdApp_d:BerryCollection_e:Video_f:PDP_g:250702,120229172614750716,_,fb,Paused,Accrual performance,Last non-direct touch,1,0.0,0.0,,0.0,0.0,,
n:Prospecting_o:Manual ABO NC Event Test 2.0_p:250127,120215074953050716,i:Broad_j:Prospecting_k:ABO_l:250127_m:LLEM New Customer Event,120215075115900716,a:Mascara_b:LSmith-Mascara-ProdShot-1x1-MatureLashRevitalizerLPStatics-RHM1323V1_c:ProdShot_d:_e:Static_f:Mature Lash Revitalizer-LP_g:250723_h:RHM,120230178999330716,_,fb,Active,Accrual performance,Last non-direct touch,1,181.249998,8235.0,74.0,41.88,1.0,0.2310620715151676,0.0
n:Prospecting_o:Manual ABO NC Event Test 2.0_p:250127,120215074953050716,i:Broad_j:Prospecting_k:ABO_l:250127_m:LLEM New Customer Event,120215075115900716,a:Mascara_b:LSmith-Mascara-ProdShot-1x1-MatureLashRevitalizerLPStatics-RHM1323V3_c:ProdShot_d:_e:Static_f:Mature Lash Revitalizer-LP_g:250730_h:RHM,120230798897710716,_,fb,Active,Accrual performance,Last non-direct touch,1,51.68000000000001,4065.0,21.0,0.0,0.0,0.0,0.0
n:Prospecting_o:Manual ABO NC Event Test 2.0_p:250127,120215074953050716,i:Broad_j:Prospecting_k:ABO_l:250127_m:LLEM New Customer Event,120215075115900716,a:Mascara_b:MultiModel-Mascara-ProdApp-4x5-ExplainerCutDownScales-RHM1339V1_c:ProdApp_d:_e:Video_f:PDP_g:250806_h:RHM,120231104820670716,_,fb,Active,Accrual performance,Last non-direct touch,1,27.110000000000003,1193.0,9.0,0.0,0.0,0.0,313.0
n:Prospecting_o:Manual ABO NC Event Test 2.0_p:250127,120215074953050716,i:Broad_j:Prospecting_k:ABO_l:250127_m:LLEM New Customer Event,120215075115900716,a:Mascara_b:MultiModel-Mascara-ProdApp-4x5-MatureExplainerIterations-RHM1289V2_c:ProdApp_d:_e:Video_f:PDP_g:250702_h:RHM,120229173063110716,_,fb,Active,Accrual performance,Last non-direct touch,1,12474.419999999996,265936.0,4077.0,4387.240000000002,99.0,0.3516989166630595,133964.0
n:Prospecting_o:Manual ABO NC Event Test 2.0_p:250127,120215074953050716,i:Broad_j:Prospecting_k:ABO_l:250127_m:LLEM New Customer Event,120215075115900716,a:Mascara_b:MultiModel-Mascara-ProdApp-4x5-MatureExplainerIterations-RHM1289V3_c:ProdApp_d:_e:Video_f:PDP_g:250618_h:RHM,120228329175310716,_,fb,Paused,Accrual performance,Last non-direct touch,1,1506.81,73218.0,645.0,218.81,6.0,0.1452140614941498,30800.0
n:Prospecting_o:Manual ABO NC Event Test 2.0_p:250127,120215074953050716,i:Broad_j:Prospecting_k:ABO_l:250127_m:LLEM New Customer Event,120215075115900716,a:Mascara_b:MultiModel-Mascara-ProdApp-4x5-MatureExplainerIterations-RHM1289V4_c:ProdApp_d:_e:Video_f:PDP_g:250625_h:RHM,120228772103370716,_,fb,Active,Accrual performance,Last non-direct touch,1,2039.86,59925.0,567.0,793.83,16.0,0.3891590599354857,23631.0
n:Prospecting_o:Manual ABO NC Event Test 2.0_p:250127,120215074953050716,i:Broad_j:Prospecting_k:ABO_l:250127_m:LLEM New Customer Event,120215075115900716,a:Mascara_b:MultiModel-Mascara-ProdApp-4x5-MatureFocus-RHM1242V2_c:ProdApp_d:_e:Video_f:PDP_g:250514_h:RHM,120225701281480716,_,fb,Paused,Accrual performance,Last non-direct touch,1,0.0,0.0,,0.0,0.0,,
n:Prospecting_o:Manual ABO NC Event Test 2.0_p:250127,120215074953050716,i:Broad_j:Prospecting_k:ABO_l:250127_m:LLEM New Customer Event,120215075115900716,a:Mascara_b:MultiModel-Mascara-ProdApp-4x5-ProbSolMatureRefresh-RHM1328V2_c:ProdApp_d:_e:Video_f:PDP_g:250806_h:RHM,120231105529060716,_,fb,Paused,Accrual performance,Last non-direct touch,1,1109.590002,56097.0,719.0,341.57,8.0,0.3078344247734128,21348.0
n:Prospecting_o:Manual ABO NC Event Test 2.0_p:250127,120215074953050716,i:Broad_j:Prospecting_k:ABO_l:250313_m:BEB New Customer Event,120218791863100716,a:BEB_b:BEB-ProdApp-4x5-MattesTestimonialBCA-RHM1219V1_c:ProdApp_d:_e:Video_f:PDP_g:250604_h:RHM,120227256691870716,_,fb,Active,Accrual performance,Last non-direct touch,1,510.36,19657.0,259.0,135.56,3.0,0.2656164276197194,5775.0
n:Prospecting_o:Manual ABO NC Event Test 2.0_p:250127,120215074953050716,i:Broad_j:Prospecting_k:ABO_l:250313_m:BEB New Customer Event,120218791863100716,a:BEB_b:CDill-BEB-ProdApp-1x1-Muna-V1-US_c:ProdApp_d:Recreate_e:Video_f:PDP_g:250717,120229758945890716,_,fb,Active,Accrual performance,Last non-direct touch,1,608.96,19380.0,203.0,357.85,7.0,0.5876412243825538,3953.0
n:Prospecting_o:Manual ABO NC Event Test 2.0_p:250127,120215074953050716,i:Broad_j:Prospecting_k:ABO_l:250313_m:BEB New Customer Event,120218791863100716,a:BEB_b:CDill-BEB-ProdApp-1x1-Muna-V3-US_c:ProdApp_d:Recreate_e:Video_f:PDP_g:250717,120229759063190716,_,fb,Active,Accrual performance,Last non-direct touch,1,3372.260000000001,165146.0,1562.0,1577.85,29.0,0.4678909692609701,36866.0
n:Prospecting_o:Manual ABO NC Event Test 2.0_p:250127,120215074953050716,i:Broad_j:Prospecting_k:ABO_l:250313_m:BEB New Customer Event,120218791863100716,a:BEB_b:MultiModel-BEB-ProdApp-4x5-MatureProbSolExplainer-Multi-RHM1293V2_c:ProdApp_d:_e:Video_f:PDP_g:250709_h:RHM,120229513925700716,_,fb,Active,Accrual performance,Last non-direct touch,1,3269.1600009999997,108971.0,1152.0,1329.46,15.0,0.406667155964631,37314.0
n:Prospecting_o:Manual ABO NC Event Test 2.0_p:250127,120215074953050716,i:Broad_j:Prospecting_k:ABO_l:250313_m:BEB New Customer Event,120218791863100716,a:BEB_b:NoModel-BEB-ProdAnimation-1x1-ShadeScale-RHM1226V1_c:ProdAnimation_d:_e:Static_f:PDP_g:250430_h:RHM,120224336048880716,_,fb,Active,Accrual performance,Last non-direct touch,1,1567.1900030000002,62586.0,511.0,1116.8000000000002,14.0,0.7126130193927736,0.0
n:Prospecting_o:Manual ABO NC Event Test 2.0_p:250127,120215074953050716,i:Broad_j:Prospecting_k:ABO_l:250313_m:BEB New Customer Event,120218791863100716,a:BEB_b:SPavlos-BEBMieko-Sophia-App-1080x1080_c:ProdApp_d:The instant_e:video_f:PDP_g:042720,120218793382740716,_,fb,Paused,Accrual performance,Last non-direct touch,1,0.0,0.0,,0.0,0.0,,
n:Prospecting_o:Manual ABO NC Event Test 2.0_p:250127,120215074953050716,i:Broad_j:Prospecting_k:ABO_l:250313_m:BEB New Customer Event,120218791863100716,a:BEB_b:TH1581-Clare-SmokeyEyeBEB-Muna-BCA-A_c:ProdApp_d:_e:Video_f:PDP_g:250402_h:NRTV,120221454766890716,_,fb,Active,Accrual performance,Last non-direct touch,1,5736.799998999999,194269.0,1836.0,2180.78,40.0,0.3801387533782142,47067.0
n:Prospecting_o:Manual ABO NC Event Test 2.0_p:250127,120215074953050716,i:Broad_j:Prospecting_k:ABO_l:250318_m:Brows New Customer Event,120219217980060716,a:BrowGel_b:KBodnar-BrowGel-ProdApp-4x5-Podcast-V1_c:ProdApp_d:_e:Video_f:PDP_g:250423,120223429292610716,_,fb,Active,Accrual performance,Last non-direct touch,1,2008.85,86062.0,778.0,1152.03,23.0,0.5734773626701845,27890.0
n:Prospecting_o:Manual ABO NC Event Test 2.0_p:250127,120215074953050716,i:Broad_j:Prospecting_k:ABO_l:250318_m:Brows New Customer Event,120219217980060716,a:BrowPencil_b:Ash-QuickFixBrowPencil-ProdApp-B+A-1x1-Serena-USA_c:B&A_d:_e:Static_f:PDP_g:250715,120229596406150716,_,fb,Active,Accrual performance,Last non-direct touch,1,1.2800000000000002,135.0,0.0,0.0,0.0,0.0,0.0
n:Prospecting_o:Manual ABO NC Event Test 2.0_p:250127,120215074953050716,i:Broad_j:Prospecting_k:ABO_l:250318_m:Brows New Customer Event,120219217980060716,a:BrowPencil_b:Lisa-QuickFixBrowPencil-ProdApp-B+A-1x1-Nan-USA_c:B&A_d:_e:Static_f:PDP_g:250715,120229597374560716,_,fb,Active,Accrual performance,Last non-direct touch,1,2.08,122.0,0.0,0.0,0.0,0.0,0.0
n:Prospecting_o:Manual ABO NC Event Test 2.0_p:250127,120215074953050716,i:Broad_j:Prospecting_k:ABO_l:250318_m:Brows New Customer Event,120219217980060716,a:BrowPencil_b:Louise QuickFixBrowPencil-Animation-1x1-B+ASlider-USA_c:B&A_d:_e:GIF_f:PDP_g:250715,120229597397640716,_,fb,Active,Accrual performance,Last non-direct touch,1,15.75,558.0,12.0,0.0,0.0,0.0,125.0
n:Prospecting_o:Manual ABO NC Event Test 2.0_p:250127,120215074953050716,i:Broad_j:Prospecting_k:ABO_l:250318_m:Brows New Customer Event,120219217980060716,a:BrowPencil_b:Louise-InstantBrowFillBrowPencil-ProdApp-1x1-60secBrow-USA_c:B&A_d:_e:Static_f:PDP_g:250715,120229597483640716,_,fb,Active,Accrual performance,Last non-direct touch,1,54.71,3037.0,29.0,61.87,2.0,1.130871869859258,0.0
n:Prospecting_o:Manual ABO NC Event Test 2.0_p:250127,120215074953050716,i:Broad_j:Prospecting_k:ABO_l:250318_m:Brows New Customer Event,120219217980060716,a:BrowPencil_b:NoModel-QuickFillBrowPencil-ProdShot-1x1-PDOverview-USA_c:ProdShot_d:_e:Static_f:PDP_g:250715,120229597560470716,_,fb,Active,Accrual performance,Last non-direct touch,1,582.01,35755.0,352.0,140.95999999999998,4.0,0.2421951512860603,0.0
n:Prospecting_o:Manual ABO NC Event Test 2.0_p:250127,120215074953050716,i:Broad_j:Prospecting_k:ABO_l:250318_m:Brows New Customer Event,120219217980060716,a:BrowPencil_b:NoModel-QuickFillEyebrowPencil-ProdShot-4x5-Quote-Evergreen-V1_c:ProdShot_d:_e:Static_f:PDP_g:250715,120229597455970716,_,fb,Active,Accrual performance,Last non-direct touch,1,279.78,9254.0,126.0,101.21,3.0,0.3617485166916863,0.0
n:Prospecting_o:Manual ABO NC Event Test 2.0_p:250127,120215074953050716,i:Broad_j:Prospecting_k:ABO_l:250318_m:Brows New Customer Event,120219217980060716,a:Browgel_b:TH1587-Christi-LongHeadlineBrowGel-A_c:ProdApp_d:_e:Video_f:PDP_g:250423_h:NRTV2025,120223426775380716,_,fb,Active,Accrual performance,Last non-direct touch,1,681.360001,27120.0,283.0,448.21,9.0,0.6578167185367255,11107.0
n:Prospecting_o:Manual ABO NC Event Test 2.0_p:250127,120215074953050716,i:Broad_j:Prospecting_k:ABO_l:250318_m:Brows New Customer Event,120219217980060716,a:Browgel_b:TH1617-MultiUGC-MatureWomenBrowGel-A_c:ProdApp_d:_e:Video_f:PDP_g:250703_h:NRTV2025,120229225556620716,_,fb,Active,Accrual performance,Last non-direct touch,1,2430.76,123554.0,1342.0,974.19,19.0,0.4007758890223635,30687.0
n:Prospecting_o:Manual ABO NC Event Test 2.0_p:250127,120215074953050716,i:Broad_j:Prospecting_k:ABO_l:250318_m:IWEL New Customer Event,120219157341440716,a:IWEL_b:KBodnar-IWEL-ProdApp-4x5-Lauren-V1-US_c:ProdApp_d:_e:Video_f:PDP_g:250514,120225701041230716,_,fb,Active,Accrual performance,Last non-direct touch,1,369.8300009999999,22840.0,186.0,58.89,2.0,0.1592353239076459,6359.0
n:Prospecting_o:Manual ABO NC Event Test 2.0_p:250127,120215074953050716,i:Broad_j:Prospecting_k:ABO_l:250318_m:IWEL New Customer Event,120219157341440716,a:IWEL_b:MRusso-IWEL-Talia-USCA-1x1-V2-US_c:ProdApp_d:_e:Video_f:PDP_g:250723,120230181719720716,_,fb,Active,Accrual performance,Last non-direct touch,1,1093.990002,31518.0,514.0,484.16,11.0,0.4425634595516165,11981.0
n:Prospecting_o:Manual ABO NC Event Test 2.0_p:250127,120215074953050716,i:Broad_j:Prospecting_k:ABO_l:250318_m:IWEL New Customer Event,120219157341440716,a:IWEL_b:MRusso-IWEL-Talia-USCA-1x1-V3-US_c:ProdApp_d:_e:Video_f:PDP_g:250730,120230798803270716,_,fb,Active,Accrual performance,Last non-direct touch,1,3498.899999,143004.0,1896.0,1788.4699999999998,42.0,0.5111520765129474,54033.0
n:Prospecting_o:Manual ABO NC Event Test 2.0_p:250127,120215074953050716,i:Broad_j:Prospecting_k:ABO_l:250318_m:IWEL New Customer Event,120219157341440716,a:IWEL_b:MultiModel-IWEL-ProdApp-4x5-MatureProbSol-RHM1244V4_c:ProdApp_d:_e:Video_f:PDP_g:250514_h:RHM,120225701459710716,_,fb,Active,Accrual performance,Last non-direct touch,1,6503.440000000001,268683.0,3120.0,2922.2200000000003,65.0,0.449334506046031,75004.0
n:Prospecting_o:Manual ABO NC Event Test 2.0_p:250127,120215074953050716,i:Broad_j:Prospecting_k:ABO_l:250318_m:IWEL New Customer Event,120219157341440716,a:IWEL_b:NoModel-IWEL-ProdShot-1x1-CreativeCollabRequest3-Evergreen-USA-V1_c:ProdShot_d:_e:Static_f:PDP_g:250716,120229814344030716,_,fb,Active,Accrual performance,Last non-direct touch,1,273.88000000000005,13120.0,125.0,143.09,3.0,0.5224550898203592,0.0
n:Prospecting_o:Manual ABO NC Event Test 2.0_p:250127,120215074953050716,i:Broad_j:Prospecting_k:ABO_l:250318_m:IWEL New Customer Event,120219157341440716,a:IWEL_b:NoModel-IWEL-ProdShot-1x1-IWELStatics1-RHM1298V2_c:ProdShot_d:_e:Static_f:IWELDuo_g:250716_h:RHM,120229814847620716,_,fb,Active,Accrual performance,Last non-direct touch,1,12.949999999999998,989.0,6.0,0.0,0.0,0.0,0.0
n:Prospecting_o:Manual ABO NC Event Test 2.0_p:250127,120215074953050716,i:Broad_j:Prospecting_k:ABO_l:250318_m:IWEL New Customer Event,120219157341440716,a:IWEL_b:TH1280.4O-Alexis-Beginner’sEyelinerIWEL-Lauren-BCA-B_c:ProdApp_d:_e:Video_f:PDP_g:240911_h:NRTV,120219157393740716,_,fb,Paused,Accrual performance,Last non-direct touch,1,0.0,0.0,,0.0,0.0,,
n:Prospecting_o:Manual ABO NC Event Test 2.0_p:250127,120215074953050716,i:Broad_j:Prospecting_k:ABO_l:250328_m:Sets New Customer Event,120219952068610716,a:BEB+IWEL+Mascara_b:BEB+IWEL+Mascara-ProdShot-1x1-OnTheGoStaticsScales2-RHM1285V4_c:ProdShot_d:_e:Static_f:3-Step Signature_g:250702_h:RHM,120229172424140716,_,fb,Active,Accrual performance,Last non-direct touch,1,362.17999800000007,18926.0,101.0,94.51,2.0,0.2609475965594322,0.0
n:Prospecting_o:Manual ABO NC Event Test 2.0_p:250127,120215074953050716,i:Broad_j:Prospecting_k:ABO_l:250328_m:Sets New Customer Event,120219952068610716,a:BEB+IWEL+Mascara_b:CWalters-MultiProduct-Greenscreen-4x5-Site-V2_c:Webscroll_d:Eyeliner+Mascara+BEBSet_e:Video_f:PDP_g:250328,120220126215450716,_,fb,Active,Accrual performance,Last non-direct touch,1,1555.9900019999998,43331.0,715.0,1202.86,13.0,0.773051239695562,14487.0
n:Prospecting_o:Manual ABO NC Event Test 2.0_p:250127,120215074953050716,i:Broad_j:Prospecting_k:ABO_l:250328_m:Sets New Customer Event,120219952068610716,a:BEB+IWEL+Mascara_b:HJones-BEB+IWEL+Mascara-ProdApp-4x5-3SSEBundleBCATestimonial-RHM1302V1_c:ProdApp_d:_e:Video_f:PDP_g:250716_h:RHM,120229814901390716,_,fb,Active,Accrual performance,Last non-direct touch,1,8532.6,249033.0,3680.0,5726.240000000001,80.0,0.67110142277852,58307.0
n:Prospecting_o:Manual ABO NC Event Test 2.0_p:250127,120215074953050716,i:Broad_j:Prospecting_k:ABO_l:250328_m:Sets New Customer Event,120219952068610716,a:BEB+IWEL+Mascara_b:NoModel-BEB+IWEL+Mascara-ProdShot-1x1-3SSE-RHM1313V1_c:ProdShot_d:_e:Static_f:PDP_g:250709_h:RHM,120229513864380716,_,fb,Active,Accrual performance,Last non-direct touch,1,5880.289999999999,228084.0,1957.0,4577.58,59.0,0.7784616064853945,0.0
n:Prospecting_o:Manual ABO NC Event Test 2.0_p:250127,120215074953050716,i:Broad_j:Prospecting_k:ABO_l:250328_m:Sets New Customer Event,120219952068610716,a:BEB+IWEL+Mascara_b:NoModel-BEB+IWEL+Mascara-ProdShot-1x1-3SSESeasonal-RHM1310V2_c:ProdShot_d:_e:Static_f:PDP_g:250716_h:RHM,120229814381180716,_,fb,Active,Accrual performance,Last non-direct touch,1,845.46,38136.0,208.0,598.94,9.0,0.7084190854682658,0.0
n:Prospecting_o:Manual ABO NC Event Test 2.0_p:250127,120215074953050716,i:Broad_j:Prospecting_k:ABO_l:250328_m:Sets New Customer Event,120219952068610716,a:BEB_b:NoModel-BEB-ProdShot-1x1-Animated-Buy2get16-offBEBCreativeMarch2025_c:ProdShot_d:_e:GIF_f:BEBDuo_g:250717,120229856626060716,_,fb,Active,Accrual performance,Last non-direct touch,1,91.32,3358.0,65.0,29.95,1.0,0.3279675865089793,854.0
n:Prospecting_o:Manual ABO NC Event Test 2.0_p:250127,120215074953050716,i:Broad_j:Prospecting_k:ABO_l:250430_m:Berry Collection,120224311349720716,a:EmpowerMatte_b:JDeBen-EmpowerMatte-ProdApp-4x5-BerryCollectionLaunch-Ghizlan-RHM1238V1_c:ProdApp_d:BerryCollection_e:Video_f:PDP_g:250521_h:RHM,120226300629250716,_,fb,Active,Accrual performance,Last non-direct touch,1,0.0,0.0,,0.0,0.0,,
n:Prospecting_o:Manual ABO NC Event Test 2.0_p:250127,120215074953050716,i:Broad_j:Prospecting_k:ABO_l:250430_m:Berry Collection,120224311349720716,a:LipTint_b:CGilson-LipTint-ProdApp-4x5-BerryCollectionLaunchBCA-Ragan-RHM1239V1_c:ProdApp_d:BerryCollection_e:Video_f:PDP_g:250507_h:RHM,120225304273270716,_,fb,Active,Accrual performance,Last non-direct touch,1,0.0,0.0,,0.0,0.0,,
n:Prospecting_o:Manual ABO NC Event Test 2.0_p:250127,120215074953050716,i:Broad_j:Prospecting_k:ABO_l:250624_m:Shimmer Lip Tint,120228312698020716,a:LipTint_b:Ashley-SSLT-Animation-4x5-Before-After-Amy-SSLTShimmerLaunch-V1_c:B&A_d:ShimmerLipTint_e:GIF_f:PDP_g:250624,120228643573410716,_,fb,Active,Accrual performance,Last non-direct touch,1,10.14,383.0,1.0,0.0,0.0,0.0,70.0
n:Prospecting_o:Manual ABO NC Event Test 2.0_p:250127,120215074953050716,i:Broad_j:Prospecting_k:ABO_l:250624_m:Shimmer Lip Tint,120228312698020716,a:LipTint_b:Callandra-SSLT-Animation-4x5-Before-After-Amanda-SSLTShimmerLaunch-V2_c:B&A_d:ShimmerLipTint_e:GIF_f:PDP_g:250624,120228643869240716,_,fb,Active,Accrual performance,Last non-direct touch,1,69.6,2655.0,19.0,98.58,2.0,1.416379310344828,419.0
n:Prospecting_o:Manual ABO NC Event Test 2.0_p:250127,120215074953050716,i:Broad_j:Prospecting_k:ABO_l:250624_m:Shimmer Lip Tint,120228312698020716,a:LipTint_b:Gloria-SSLT-ProdApp-4x5-Before-After-Jennifer-SSLTShimmerLaunch-V1_c:B&A_d:ShimmerLipTint_e:GIF_f:PDP_g:250624,120228643753990716,_,fb,Active,Accrual performance,Last non-direct touch,1,7.38,298.0,4.0,0.0,0.0,0.0,49.0
n:Prospecting_o:Manual ABO NC Event Test 2.0_p:250127,120215074953050716,i:Broad_j:Prospecting_k:ABO_l:250624_m:Shimmer Lip Tint,120228312698020716,a:LipTint_b:MultiModel-SSLT-ProdApp-4x5-Amanda-MacroGrid-SSLTShimmerLaunch-V2_c:Model_d:ShimmerLipTint_e:Static_f:PDP_g:250624,120228314126420716,_,fb,Active,Accrual performance,Last non-direct touch,1,1619.4500009999997,86347.0,539.0,568.6600000000001,12.0,0.3511439066651371,0.0
n:Prospecting_o:Manual ABO NC Event Test 2.0_p:250127,120215074953050716,i:Broad_j:Prospecting_k:ABO_l:250624_m:Shimmer Lip Tint,120228312698020716,a:LipTint_b:MultiModel-SSLT-ProdApp-4x5-Amy-MacroGrid-SSLTShimmerLaunch-V2_c:Model_d:ShimmerLipTint_e:Static_f:PDP_g:250624,120228314189510716,_,fb,Paused,Accrual performance,Last non-direct touch,1,12.8,593.0,1.0,0.0,0.0,0.0,0.0
n:Prospecting_o:Manual ABO NC Event Test 2.0_p:250127,120215074953050716,i:Broad_j:Prospecting_k:ABO_l:250624_m:Shimmer Lip Tint,120228312698020716,a:LipTint_b:MultiModel-SSLT-ProdApp-4x5-Jennifer-MacroGrid-SSLTShimmerLaunch-V2_c:Model_d:ShimmerLipTint_e:Static_f:PDP_g:250624,120228312698040716,_,fb,Active,Accrual performance,Last non-direct touch,1,4.0699999999999985,322.0,1.0,0.0,0.0,0.0,0.0
n:Prospecting_o:Manual ABO NC Event Test 2.0_p:250127,120215074953050716,i:Broad_j:Prospecting_k:ABO_l:250624_m:Shimmer Lip Tint,120228312698020716,a:LipTint_b:NoModel-SSLT-Animation-4x5-ShadeHighlight-SSLTShimmerLaunch-V1_c:ProdShot_d:ShimmerLipTint_e:GIF_f:PDP_g:250624,120228314398940716,_,fb,Active,Accrual performance,Last non-direct touch,1,75.57000000000002,2185.0,23.0,57.08,1.0,0.7553261876405978,441.0
n:Prospecting_o:Manual ABO NC Event Test 2.0_p:250127,120215074953050716,i:Broad_j:Prospecting_k:ABO_l:250624_m:Shimmer Lip Tint,120228312698020716,a:LipTint_b:SPavlos-LipTint-ProdApp-1x1-GifStyle-V1_c:ProdApp_d:ShimmerLipTint_e:GIF_f:PDP_g:250624,120228642211840716,_,fb,Active,Accrual performance,Last non-direct touch,1,669.5699999999999,32026.0,359.0,355.90999999999997,7.0,0.5315500993174724,6185.0
n:Prospecting_o:Manual ABO NC Event Test 2.0_p:250127,120215074953050716,i:Broad_j:Prospecting_k:ABO_l:250624_m:Shimmer Lip Tint,120228312698020716,a:LipTint_b:SPavlos-LipTint-ProdApp-4x5-ShimmerLipTintUSCA-V1-US_c:ProdApp_d:ShimmerLipTint_e:Video_f:PDP_g:250624,120228644097760716,_,fb,Active,Accrual performance,Last non-direct touch,1,763.49,39591.0,322.0,238.18,5.0,0.3119621737023405,8850.0
n:Prospecting_o:Manual ABO NC Event Test 2.0_p:250127,120215074953050716,i:Broad_j:Prospecting_k:ABO_l:250624_m:Shimmer Lip Tint,120228312698020716,a:LipTint_b:SPavlos-LipTint-ProdApp-4x5-ShimmerLipTintUSCA-V2-US_c:ProdApp_d:ShimmerLipTint_e:Video_f:PDP_g:250624,120228644161960716,_,fb,Active,Accrual performance,Last non-direct touch,1,401.86,18483.0,191.0,218.12,5.0,0.5427760911760314,3641.0
n:Prospecting_o:NC Event ASC 0% Cap Lips_p:250501 Campaign,120224314717500716,n:Prospecting_o:New Customer Event Lips_p:250501 Ad set,120224314717560716,a:EmpowerMatte_b:CGilson-EmpowerMatte-ProdApp-4x5-BerryCollectionLaunchBCA-Ghizlan-RHM1237V1_c:ProdApp_d:BerryCollection_e:Video_f:PDP_g:250521_h:RHM,120226299783950716,_,fb,Active,Accrual performance,Last non-direct touch,1,3329.7599999999993,152920.0,1206.0,1900.86,28.0,0.5708699726106387,34610.0
n:Prospecting_o:NC Event ASC 0% Cap Lips_p:250501 Campaign,120224314717500716,n:Prospecting_o:New Customer Event Lips_p:250501 Ad set,120224314717560716,a:EmpowerMatte_b:CGilson-EmpowerMatte-ProdApp-4x5-GhizlanBCATestimonialIterations-Ghizlan-RHM1295V1_c:ProdApp_d:BerryCollection_e:Video_f:PDP_g:250625_h:RHM,120228774433110716,_,fb,Active,Accrual performance,Last non-direct touch,1,34.34,1208.0,17.0,56.22,1.0,1.6371578334304018,286.0
n:Prospecting_o:NC Event ASC 0% Cap Lips_p:250501 Campaign,120224314717500716,n:Prospecting_o:New Customer Event Lips_p:250501 Ad set,120224314717560716,a:EmpowerMatte_b:CGilson-EmpowerMatte-ProdApp-4x5-GhizlanBCATestimonialIterations-Ghizlan-RHM1295V2_c:ProdApp_d:BerryCollection_e:Video_f:PDP_g:250625_h:RHM,120228774433100716,_,fb,Active,Accrual performance,Last non-direct touch,1,168.07,7842.0,62.0,56.03,1.0,0.3333729993455108,1952.0
n:Prospecting_o:NC Event ASC 0% Cap Lips_p:250501 Campaign,120224314717500716,n:Prospecting_o:New Customer Event Lips_p:250501 Ad set,120224314717560716,a:EmpowerMatte_b:DMarcia-SummerBerryLips-Stephanie Evelyn_c:ProdApp_d:_e:Video_f:PDP_g:250611,120227680425260716,_,fb,Active,Accrual performance,Last non-direct touch,1,5.700000000000001,180.0,6.0,0.0,0.0,0.0,59.0
n:Prospecting_o:NC Event ASC 0% Cap Lips_p:250501 Campaign,120224314717500716,n:Prospecting_o:New Customer Event Lips_p:250501 Ad set,120224314717560716,a:EmpowerMatte_b:NoModel-LipCrayon-ProdShot-1080x1080-Multi-LipCrayonLaunch-NA-RHMConceptualFB-RHM886V2_c:ProdShot_d:_e:Static_f:PDP_g:250612_h:RHM,120227680425250716,_,fb,Paused,Accrual performance,Last non-direct touch,1,18.62,938.0,8.0,0.0,0.0,0.0,0.0
n:Prospecting_o:NC Event ASC 0% Cap Lips_p:250501 Campaign,120224314717500716,n:Prospecting_o:New Customer Event Lips_p:250501 Ad set,120224314717560716,a:EmpowerMatte_b:SStrawberries-EmpowerMatte-ProdApp-1x1-Linda_c:ProdShot_d:_e:Static_f:PDP_g:250611,120227680703990716,_,fb,Active,Accrual performance,Last non-direct touch,1,0.56,129.0,1.0,0.0,0.0,0.0,0.0
n:Prospecting_o:NC Event ASC 0% Cap Lips_p:250501 Campaign,120224314717500716,n:Prospecting_o:New Customer Event Lips_p:250501 Ad set,120224314717560716,a:EmpowerMatte_b:TH1355-Wendy-NewMatteLipstick-Ragan-A_c:ProdApp_d:Introducing the NEW EmpowerMatte™ Precision Lipstick Crayon_e:Video_f:PDP_g:250121_h:NRTV - Previous Top Performer,120224314717790716,_,fb,Paused,Accrual performance,Last non-direct touch,1,0.0,0.0,,0.0,0.0,,
n:Prospecting_o:NC Event ASC 0% Cap Lips_p:250501 Campaign,120224314717500716,n:Prospecting_o:New Customer Event Lips_p:250501 Ad set,120224314717560716,a:Empowermatte_b:CommunityShoot-EmpowerMatte-Animated-1x1-Orfeh-ShadeExtB+A_c:B&A_d:Leti/OrfehShadeExtension_e:GIF_f:PDP_g:250114,120224314717680716,_,fb,Active,Accrual performance,Last non-direct touch,1,2.4400000000000004,133.0,1.0,0.0,0.0,0.0,34.0
n:Prospecting_o:NC Event ASC 0% Cap Lips_p:250501 Campaign,120224314717500716,n:Prospecting_o:New Customer Event Lips_p:250501 Ad set,120224314717560716,a:Empowermatte_b:MultiModel-EMPMatte-ProdApp-4x5-BerryCollection-Ghizlan-Launch_c:Model_d:BerryCollection_e:Static_f:PDP_g:250430,120224348337180716,_,fb,Active,Accrual performance,Last non-direct touch,1,478.11999999999995,26251.0,175.0,256.23,4.0,0.5359114866560696,0.0
n:Prospecting_o:NC Event ASC 0% Cap Lips_p:250501 Campaign,120224314717500716,n:Prospecting_o:New Customer Event Lips_p:250501 Ad set,120224314717560716,a:LipMate_b:DOBrian-LipMate-ProdApp-4x5-KarissaLipTopperLaunchTestimonial-Karissa-RHM1322V4_c:ProdApp_d:KarissaLipMate_e:Video_f:PDP_g:250730_h:RHM,120230799418550716,_,fb,Active,Accrual performance,Last non-direct touch,1,11.479999999999997,499.0,5.0,0.0,0.0,0.0,205.0
n:Prospecting_o:NC Event ASC 0% Cap Lips_p:250501 Campaign,120224314717500716,n:Prospecting_o:New Customer Event Lips_p:250501 Ad set,120224314717560716,a:LipMate_b:JKelso-LipMate-B A-4x5-KarrisaLipMateB A-KarissaLipTopperLaunch_c:B&A_d:KarissaLipMate_e:Static_f:PDP_g:250708,120229421756510716,_,fb,Active,Accrual performance,Last non-direct touch,1,1.1100000000000003,289.0,0.0,0.0,0.0,0.0,0.0
n:Prospecting_o:NC Event ASC 0% Cap Lips_p:250501 Campaign,120224314717500716,n:Prospecting_o:New Customer Event Lips_p:250501 Ad set,120224314717560716,a:LipMate_b:MulitModel-LipMate-Animation-4x5-Karissa-MacroShotB A-KarissaLipTopperLaunch_c:B&A_d:KarissaLipMate_e:GIF_f:PDP_g:250708,120229421756530716,_,fb,Active,Accrual performance,Last non-direct touch,1,0.23,23.0,1.0,0.0,0.0,0.0,13.0
n:Prospecting_o:NC Event ASC 0% Cap Lips_p:250501 Campaign,120224314717500716,n:Prospecting_o:New Customer Event Lips_p:250501 Ad set,120224314717560716,a:LipMate_b:MultiModel-LipMate-ProdApp-4x5-Karissa-MacroGrid-KarissaLipTopperLaunch_c:ProdShot_d:KarissaLipMate_e:Static_f:PDP_g:250708,120229244116580716,_,fb,Active,Accrual performance,Last non-direct touch,1,0.38,46.0,0.0,0.0,0.0,0.0,0.0
n:Prospecting_o:NC Event ASC 0% Cap Lips_p:250501 Campaign,120224314717500716,n:Prospecting_o:New Customer Event Lips_p:250501 Ad set,120224314717560716,a:LipMate_b:Sarah-LipMate-ProdApp-4x5-Karissa-MacroShotB+A-KarissaLipTopperLaunch_c:B&A_d:KarissaLipMate_e:Static_f:PDP_g:250708,120229244293720716,_,fb,Active,Accrual performance,Last non-direct touch,1,0.28,34.0,0.0,0.0,0.0,0.0,0.0
n:Prospecting_o:NC Event ASC 0% Cap Lips_p:250501 Campaign,120224314717500716,n:Prospecting_o:New Customer Event Lips_p:250501 Ad set,120224314717560716,a:LipTint_b:CGilson-LipTint-ProdApp-4x5-BerryCollectionRaganBCAIterations-Ragan-RHM1303V2_c:ProdApp_d:_e:Video_f:PDP_g:250709_h:RHM,120229513650690716,_,fb,Paused,Accrual performance,Last non-direct touch,1,0.0,0.0,,0.0,0.0,,
n:Prospecting_o:NC Event ASC 0% Cap Lips_p:250501 Campaign,120224314717500716,n:Prospecting_o:New Customer Event Lips_p:250501 Ad set,120224314717560716,a:LipTint_b:CMazzucco-LipTint-ProdApp-4x5-BCATestimonial-RHM1346V1_c:ProdApp_d:_e:Video_f:PDP_g:250806_h:RHM,120231105023070716,_,fb,Active,Accrual performance,Last non-direct touch,1,17.59,1260.0,8.0,0.0,0.0,0.0,271.0
n:Prospecting_o:NC Event ASC 0% Cap Lips_p:250501 Campaign,120224314717500716,n:Prospecting_o:New Customer Event Lips_p:250501 Ad set,120224314717560716,a:LipTint_b:MRusso-ShimmerLipTint-ProdApp-4x5-TalkingHead-V2A-US_c:ProdApp_d:ShimmerLipTint_e:Video_f:PDP_g:250703,120229226111960716,_,fb,Active,Accrual performance,Last non-direct touch,1,3889.220001,100049.0,1540.0,2099.1499999999996,39.0,0.5397354738122976,34914.0
n:Prospecting_o:NC Event ASC 0% Cap Lips_p:250501 Campaign,120224314717500716,n:Prospecting_o:New Customer Event Lips_p:250501 Ad set,120224314717560716,a:LipTint_b:MRusso-ShimmerLipTint-ProdApp-4x5-TalkingHead-V2B-US_c:ProdApp_d:ShimmerLipTint_e:Video_f:PDP_g:250730,120230799418530716,_,fb,Active,Accrual performance,Last non-direct touch,1,869.089999,23376.0,442.0,391.69,9.0,0.4506898024953569,8723.0
n:Prospecting_o:NC Event ASC 0% Cap Lips_p:250501 Campaign,120224314717500716,n:Prospecting_o:New Customer Event Lips_p:250501 Ad set,120224314717560716,a:LipTint_b:MultiModel-LipTint-ProdApp-4x5-MultiTestimonial-RHM1306V2_c:ProdApp_d:_e:Video_f:PDP_g:250709_h:RHM,120229513853560716,_,fb,Paused,Accrual performance,Last non-direct touch,1,27.159999999999997,926.0,14.0,0.0,0.0,0.0,180.0
n:Prospecting_o:NC Event ASC 0% Cap Lips_p:250501 Campaign,120224314717500716,n:Prospecting_o:New Customer Event Lips_p:250501 Ad set,120224314717560716,a:LipTint_b:NoModel-LipTint-ProdShot-1080x1080-Kara-DEI-RHMConceptualFB-RHM155V2_c:ProdShot_d:_e:Static_f:PDP_g:221111,120229565365830716,_,fb,Paused,Accrual performance,Last non-direct touch,1,0.0,0.0,,0.0,0.0,,
n:Prospecting_o:NC Event ASC 0% Cap Lips_p:250501 Campaign,120224314717500716,n:Prospecting_o:New Customer Event Lips_p:250501 Ad set,120224314717560716,a:LipTint_b:NoModel-LipTint-ProdShot-1x1-NewVisuals-RHM1307V9_c:ProdShot_d:_e:Static_f:LipTintDuo_g:250806_h:RHM,120231104626700716,_,fb,Active,Accrual performance,Last non-direct touch,1,77.76,3580.0,31.0,0.0,0.0,0.0,0.0
n:Prospecting_o:NC Event ASC 0% Cap Lips_p:250501 Campaign,120224314717500716,n:Prospecting_o:New Customer Event Lips_p:250501 Ad set,120224314717560716,a:LipTint_b:NoModel-LipTint-Prodshot-1x1-SSLTCreative-US-1_c:ProdShot_d:_e:Static_f:PDP_g:250730,120230799418540716,_,fb,Paused,Accrual performance,Last non-direct touch,1,0.0,0.0,,0.0,0.0,,
n:Prospecting_o:NC Event ASC 0% Cap Lips_p:250501 Campaign,120224314717500716,n:Prospecting_o:New Customer Event Lips_p:250501 Ad set,120224314717560716,a:LipTint_b:NoModel-LipTint-Prodshot-1x1-SSLTCreative-US-2_c:ProdShot_d:_e:Static_f:PDP_g:250709,120229513805870716,_,fb,Active,Accrual performance,Last non-direct touch,1,533.950001,16590.0,224.0,269.2,4.0,0.5041670558963066,0.0
n:Prospecting_o:NC Event ASC 0% Cap Lips_p:250501 Campaign,120224314717500716,n:Prospecting_o:New Customer Event Lips_p:250501 Ad set,120224314717560716,a:LipTint_b:TH1348-Michelle-GameChangerLipTint-Anna-BCA-B_c:ProdApp_d:I'm obsessed_e:Video_f:PDP_g:250618_h:NRTV,120228330430980716,_,fb,Active,Accrual performance,Last non-direct touch,1,428.86,14203.0,240.0,163.92,4.0,0.3822226367579162,3622.0
n:Prospecting_o:NC Event ASC 0% Cap Lips_p:250501 Campaign,120224314717500716,n:Prospecting_o:New Customer Event Lips_p:250501 Ad set,120224314717560716,a:MatteLipTint_b:NoModel-LipTint-ProdShot-1x1-NehaMatteLipTint-Evergreen_c:ProdShot_d:Summer_e:Static_f:PDP_g:250714,120229700073000716,_,fb,Active,Accrual performance,Last non-direct touch,1,11.269999999999998,622.0,5.0,0.0,0.0,0.0,0.0
n:Prospecting_o:NC Event ASC 0% Cap Lips_p:250501 Campaign,120224314717500716,n:Prospecting_o:New Customer Event Lips_p:250501 Ad set,120224314717560716,a:MatteLipTint_b:NoModel-MatteLipTint-ProdAnimation-1x1-ShadeVariety-RHM1225V3_c:ProdAnimation_d:_e:Static_f:PDP_g:250618_h:RHM,120228330431000716,_,fb,Active,Accrual performance,Last non-direct touch,1,696.7300010000002,30116.0,277.0,362.91,6.0,0.5208760918564204,0.0
n:Prospecting_o:NC Purchase Event ASC 0% Cap Mixed Products_p:240417 Campaign,120223020203820716,n:Prospecting_o:NC Purchase Event ASC 0% Cap Mixed Products_p:240417 Ad set,120223020203750716,a:BEB_b:NoModel-BEB-ProdShot-1x1-CADPersonaStatics-RHM1206V4_c:ProdShot_d:_e:Static_f:PDP_g:250416_h:RHM,120223020203690716,_,fb,Paused,Accrual performance,Last non-direct touch,1,0.0,0.0,,0.0,0.0,,
n:Prospecting_o:NC Purchase Event ASC 0% Cap Mixed Products_p:240417 Campaign,120223020203820716,n:Prospecting_o:NC Purchase Event ASC 0% Cap Mixed Products_p:240417 Ad set,120223020203750716,a:BEB_b:TH1539-Etana-ReplyToCommentBEB-Pili-A-WL-QuickMakeupHacks_c:ProdApp_d:_e:Video_f:PDP_g:250416_h:NRTV,120223020203680716,_,fb,Paused,Accrual performance,Last non-direct touch,1,0.0,0.0,,0.0,0.0,,
n:Prospecting_o:NC Purchase Event ASC 0% Cap Mixed Products_p:240417 Campaign,120223020203820716,n:Prospecting_o:NC Purchase Event ASC 0% Cap Mixed Products_p:240417 Ad set,120223020203750716,a:BrowPencil_b:LKiesling-BrowPencil-ProdApp-1x1-Nan-V2-US_c:ProdApp_d:_e:Video_f:PDP_g:250723,120230181774080716,_,fb,Active,Accrual performance,Last non-direct touch,1,0.0,0.0,,0.0,0.0,,
n:Prospecting_o:NC Purchase Event ASC 0% Cap Mixed Products_p:240417 Campaign,120223020203820716,n:Prospecting_o:NC Purchase Event ASC 0% Cap Mixed Products_p:240417 Ad set,120223020203750716,a:BrowPencil_b:Louise QuickFixBrowPencil-Animation-1x1-B+ASlider-USA_c:B&A_d:_e:GIF_f:PDP_g:250723,120230182211830716,_,fb,Active,Accrual performance,Last non-direct touch,1,0.0,0.0,,0.0,0.0,,
n:Prospecting_o:NC Purchase Event ASC 0% Cap Mixed Products_p:240417 Campaign,120223020203820716,n:Prospecting_o:NC Purchase Event ASC 0% Cap Mixed Products_p:240417 Ad set,120223020203750716,a:BrowPencil_b:NoModel-QuickFillEyebrowPencil-ProdShot-4x5-Quote-Evergreen-V1_c:ProdShot_d:_e:Static_f:PDP_g:250723,120230182211820716,_,fb,Active,Accrual performance,Last non-direct touch,1,0.0,0.0,,0.0,0.0,,
n:Prospecting_o:NC Purchase Event ASC 0% Cap Mixed Products_p:240417 Campaign,120223020203820716,n:Prospecting_o:NC Purchase Event ASC 0% Cap Mixed Products_p:240417 Ad set,120223020203750716,a:IWEL_b:JMoore-IWEL-ProdApp-4x5-TestimonialIteration-RHM1252V3_c:ProdApp_d:_e:Video_f:PDP_g:250521_h:RHM,120226300318730716,_,fb,Active,Accrual performance,Last non-direct touch,1,0.0,0.0,,0.0,0.0,,
n:Prospecting_o:NC Purchase Event ASC 0% Cap Mixed Products_p:240417 Campaign,120223020203820716,n:Prospecting_o:NC Purchase Event ASC 0% Cap Mixed Products_p:240417 Ad set,120223020203750716,a:IWEL_b:KBodnar-IWEL-Alondra-4x5-V1-US_c:ProdApp_d:_e:Video_f:PDP_g:250430,120224343387330716,_,fb,Paused,Accrual performance,Last non-direct touch,1,0.0,0.0,,0.0,0.0,,
n:Prospecting_o:NC Purchase Event ASC 0% Cap Mixed Products_p:240417 Campaign,120223020203820716,n:Prospecting_o:NC Purchase Event ASC 0% Cap Mixed Products_p:240417 Ad set,120223020203750716,a:IWEL_b:MultiModel-IWEL-ProdApp-4x5-MatureProbSol-RHM1244V3_c:ProdApp_d:_e:Video_f:PDP_g:250521_h:RHM,120226300828870716,_,fb,Paused,Accrual performance,Last non-direct touch,1,0.0,0.0,,0.0,0.0,,
n:Prospecting_o:NC Purchase Event ASC 0% Cap Mixed Products_p:240417 Campaign,120223020203820716,n:Prospecting_o:NC Purchase Event ASC 0% Cap Mixed Products_p:240417 Ad set,120223020203750716,a:IWEL_b:NoModel-IWEL-ProdAnimation-1x1-Iteration-RHM1270V1_c:ProdAnimation_d:_e:Static_f:PDP_g:250611_h:RHM,120227777597530716,_,fb,Paused,Accrual performance,Last non-direct touch,1,0.0,0.0,,0.0,0.0,,
n:Prospecting_o:NC Purchase Event ASC 0% Cap Mixed Products_p:240417 Campaign,120223020203820716,n:Prospecting_o:NC Purchase Event ASC 0% Cap Mixed Products_p:240417 Ad set,120223020203750716,a:LipTint_b:NoModel-LipTint-Prodshot-1x1-SSLTCreative-US-1_c:ProdShot_d:_e:Static_f:PDP_g:250709,120229513823230716,_,fb,Paused,Accrual performance,Last non-direct touch,1,0.0,0.0,,0.0,0.0,,
n:Prospecting_o:NC Purchase Event ASC 0% Cap Mixed Products_p:240417 Campaign,120223020203820716,n:Prospecting_o:NC Purchase Event ASC 0% Cap Mixed Products_p:240417 Ad set,120223020203750716,a:LipTint_b:TH1430-Madeleine-LipTint-Anna-BCA-B_c:ProdApp_d:I'm obsessed_e:Video_f:PDP_g:250416_h:NRTV,120223020203740716,_,fb,Paused,Accrual performance,Last non-direct touch,1,0.0,0.0,,0.0,0.0,,
n:Prospecting_o:Testing_p:060724_Testing-ABO,120209839490800716,i:Broad Women_j:Broad_k:ABO_l:250612_m:NRTV2025-TH1603-Kelly-CarUGCLipTint-Melissa  -  Conversions Opt,120226301219550716,a:LipTint_b:TH1603-Kelly-CarUGCLipTint-Melissa-D_c:ProdApp_d:_e:Video_f:PDP_g:250521_h:NRTV2025,120226301219520716,_,fb,Active,Accrual performance,Last non-direct touch,1,0.0,0.0,,0.0,0.0,,
n:Prospecting_o:Testing_p:060724_Testing-ABO,120209839490800716,i:Broad_j:Prospecting_k:ABO_l:250508_m:NEW Scaling Parking Lot,120225353502190716,a:BEB_b:JKidd-BEB-Prodapp-Lori-4x5-V2_c:ProdApp_d:EyeEnhancing_e:Video_f:PDP_g:250716,120229814525580716,_,fb,Active,Accrual performance,Last non-direct touch,1,30.09,649.0,6.0,0.0,0.0,0.0,138.0
n:Prospecting_o:Testing_p:060724_Testing-ABO,120209839490800716,i:Broad_j:Prospecting_k:ABO_l:250508_m:NEW Scaling Parking Lot,120225353502190716,a:BEB_b:MRusso-BEB-ProdApp-1x1-Muna-V1-US_c:ProdApp_d:_e:Video_f:PDP_g:250806,120231104880840716,_,fb,Paused,Accrual performance,Last non-direct touch,1,598.0099990000001,21327.0,227.0,219.73,2.0,0.3674353277828719,5197.0
n:Prospecting_o:Testing_p:060724_Testing-ABO,120209839490800716,i:Broad_j:Prospecting_k:ABO_l:250508_m:NEW Scaling Parking Lot,120225353502190716,a:Mascara_b:LBarnard-LLEM-USCA-1x1-V4-US_c:ProdApp_d:_e:Video_f:PDP_g:250716,120229814164330716,_,fb,Active,Accrual performance,Last non-direct touch,1,6.7,166.0,2.0,0.0,0.0,0.0,46.0
n:Prospecting_o:Testing_p:060724_Testing-ABO,120209839490800716,i:Broad_j:Prospecting_k:ABO_l:250708_m:RHM1308,120229409913130716,a:BrowGel_b:PPhillips-BrowGel-ProdApp-4x5-MeridaIteration-Merida-RHM1308V2_c:ProdApp_d:_e:_f:PDP_g:250708_h:RHM,120229410051710716,_,fb,Active,Accrual performance,Last non-direct touch,1,0.0,0.0,,0.0,0.0,,
n:Prospecting_o:Testing_p:060724_Testing-ABO,120209839490800716,i:Broad_j:Prospecting_k:ABO_l:250708_m:RHM1310,120229411296840716,a:BEB+IWEL+Mascara_b:NoModel-BEB+IWEL+Mascara-ProdShot-1x1-3SSESeasonal-RHM1310V2_c:ProdShot_d:_e:Static_f:PDP_g:250708_h:RHM,120229411729970716,_,fb,Paused,Accrual performance,Last non-direct touch,1,0.0,0.0,,0.0,0.0,,
n:Prospecting_o:Testing_p:060724_Testing-ABO,120209839490800716,i:Broad_j:Prospecting_k:ABO_l:250715_m:LKiesling BrowPencil,120229709459550716,a:BrowPencil_b:LKiesling-BrowPencil-ProdApp-1x1-Nan-V1-US_c:ProdApp_d:_e:Video_f:PDP_g:250715,120229709459560716,_,fb,Active,Accrual performance,Last non-direct touch,1,0.0,0.0,,0.0,0.0,,
n:Prospecting_o:Testing_p:060724_Testing-ABO,120209839490800716,i:Broad_j:Prospecting_k:ABO_l:250722_m:RHM1307,120230005990850716,a:LipTint_b:NoModel-LipTint-ProdShot-1x1-NewVisuals-RHM1307V3_c:ProdShot_d:_e:Static_f:LipTintDuo_g:250722_h:RHM,120230006261530716,_,fb,Active,Accrual performance,Last non-direct touch,1,0.0,0.0,,0.0,0.0,,
n:Prospecting_o:Testing_p:060724_Testing-ABO,120209839490800716,i:Broad_j:Prospecting_k:ABO_l:250722_m:RHM1307,120230005990850716,a:LipTint_b:NoModel-LipTint-ProdShot-1x1-NewVisuals-RHM1307V9_c:ProdShot_d:_e:Static_f:LipTintDuo_g:250722_h:RHM,120230006396340716,_,fb,Active,Accrual performance,Last non-direct touch,1,0.0,0.0,,0.0,0.0,,
n:Prospecting_o:Testing_p:060724_Testing-ABO,120209839490800716,i:Broad_j:Prospecting_k:ABO_l:250722_m:RHM1324,120230000745800716,a:Mascara_b:MRostamian-Mascara-ProdApp-4x5-BCATestimonial-RHM1324V1_c:ProdApp_d:_e:Video_f:PDP_g:250722_h:RHM,120230000745780716,_,fb,Active,Accrual performance,Last non-direct touch,1,0.0,0.0,,31.95,1.0,,
n:Prospecting_o:Testing_p:060724_Testing-ABO,120209839490800716,i:Broad_j:Prospecting_k:ABO_l:250722_m:RHM1327,120229998538600716,a:Mascara_b:NoModel-Mascara-ProdShot-1x1-SummerOccasionSeekerLPStatics-NA-RHM1327V3_c:ProdShot_d:_e:Static_f:SummerOccasion-LP_g:250722_h:RHM,120230000089470716,_,fb,Active,Accrual performance,Last non-direct touch,1,0.0,0.0,,0.0,0.0,,
n:Prospecting_o:Testing_p:060724_Testing-ABO,120209839490800716,i:Broad_j:Prospecting_k:ABO_l:250722_m:WAlcala BEB,120229904384650716,a:BEB_b:WAlcala-BEB-ProdApp-1x1-Pili-V1-US_c:ProdApp_d:_e:Video_f:PDP_g:250722,120229904384630716,_,fb,Paused,Accrual performance,Last non-direct touch,1,0.0,0.0,,0.0,0.0,,
n:Prospecting_o:Testing_p:060724_Testing-ABO,120209839490800716,i:Broad_j:Prospecting_k:ABO_l:250722_m:WAlcala BEB,120229904384650716,a:BEB_b:WAlcala-BEB-ProdApp-1x1-Pili-V3-US_c:ProdApp_d:_e:Video_f:PDP_g:250722,120229904603450716,_,fb,Active,Accrual performance,Last non-direct touch,1,0.0,0.0,,0.0,0.0,,
n:Prospecting_o:Testing_p:060724_Testing-ABO,120209839490800716,i:Broad_j:Prospecting_k:ABO_l:250724_m:CDill BEB Muna,120230287061600716,a:BEB_b:CDill-BEB-ProdApp-1x1-Muna-V3-US_c:ProdApp_d:Recreate_e:Video_f:PDP_g:250724,120230287061590716,_,fb,Active,Accrual performance,Last non-direct touch,1,0.0,0.0,,0.0,0.0,,
n:Prospecting_o:Testing_p:060724_Testing-ABO,120209839490800716,i:Broad_j:Prospecting_k:ABO_l:250729_m:Brow Gel CC Requests,120230086264210716,a:BrowGel_b:NoModel-BrowGel-Prodshot-1x1-USBrowGel1(Differentiators)_c:ProdShot_d:_e:Static_f:PDP_g:250729,120230086264190716,_,fb,Active,Accrual performance,Last non-direct touch,1,0.0,0.0,,0.0,0.0,,
n:Prospecting_o:Testing_p:060724_Testing-ABO,120209839490800716,i:Broad_j:Prospecting_k:ABO_l:250729_m:Brow Gel CC Requests,120230086264210716,a:BrowGel_b:NoModel-BrowGel-Prodshot-1x1-USBrowGel2(Award-winning)_c:ProdShot_d:_e:Static_f:PDP_g:250729,120230086373400716,_,fb,Active,Accrual performance,Last non-direct touch,1,0.0,0.0,,0.0,0.0,,
n:Prospecting_o:Testing_p:060724_Testing-ABO,120209839490800716,i:Broad_j:Prospecting_k:ABO_l:250729_m:RHM1328,120230643453220716,a:Mascara_b:MultiModel-Mascara-ProdApp-4x5-ProbSolMatureRefresh-RHM1328V2_c:ProdApp_d:_e:Video_f:PDP_g:250729_h:RHM,120230643813750716,_,fb,Active,Accrual performance,Last non-direct touch,1,0.0,0.0,,0.0,0.0,,
n:Prospecting_o:Testing_p:060724_Testing-ABO,120209839490800716,i:Broad_j:Prospecting_k:ABO_l:250729_m:RHM1335,120230001584710716,a:BEB+IWEL+LipTint+Mascara_b:-BEB+IWEL+LipTint+Mascara-ProdShot-1x1-RIFBundleAdapt-RHM1335V1_c:ProdShot_d:_e:Static_f:PDP_g:250729_h:RHM,120230001584700716,_,fb,Active,Accrual performance,Last non-direct touch,1,16.679999999999996,928.0,6.0,0.0,0.0,0.0,0.0
n:Prospecting_o:Testing_p:060724_Testing-ABO,120209839490800716,i:Broad_j:Prospecting_k:ABO_l:250729_m:RHM1335,120230001584710716,a:BEB+IWEL+LipTint+Mascara_b:-BEB+IWEL+LipTint+Mascara-ProdShot-1x1-RIFBundleAdapt-RHM1335V2_c:ProdShot_d:_e:Static_f:PDP_g:250729_h:RHM,120230001665420716,_,fb,Active,Accrual performance,Last non-direct touch,1,718.6899999999998,27948.0,275.0,476.15,6.0,0.6625248716414589,0.0
n:Prospecting_o:Testing_p:060724_Testing-ABO,120209839490800716,i:Broad_j:Prospecting_k:ABO_l:250729_m:RHM1335,120230001584710716,a:BEB+IWEL+LipTint+Mascara_b:-BEB+IWEL+LipTint+Mascara-ProdShot-1x1-RIFBundleAdapt-RHM1335V3_c:ProdShot_d:_e:Static_f:PDP_g:250729_h:RHM,120230002019130716,_,fb,Paused,Accrual performance,Last non-direct touch,1,0.0,0.0,,0.0,0.0,,
n:Prospecting_o:Testing_p:060724_Testing-ABO,120209839490800716,i:Broad_j:Prospecting_k:ABO_l:250729_m:RHM1339,120230644749860716,a:Mascara_b:MultiModel-Mascara-ProdApp-4x5-ExplainerCutDownScales-RHM1339V4_c:ProdApp_d:_e:Video_f:PDP_g:250729_h:RHM,120230645391770716,_,fb,Active,Accrual performance,Last non-direct touch,1,0.0,0.0,,0.0,0.0,,
n:Prospecting_o:Testing_p:060724_Testing-ABO,120209839490800716,i:Broad_j:Prospecting_k:ABO_l:250729_m:RHM1346,120230647287840716,a:LipTint_b:CMazzucco-LipTint-ProdApp-4x5-BCATestimonial-RHM1346V1_c:ProdApp_d:_e:Video_f:PDP_g:250729_h:RHM,120230647287850716,_,fb,Active,Accrual performance,Last non-direct touch,1,0.0,0.0,,0.0,0.0,,
n:Prospecting_o:Testing_p:060724_Testing-ABO,120209839490800716,i:Broad_j:Prospecting_k:ABO_l:250729_m:RHM1354,120230646363420716,a:BEB_b:CDill-BEB-ProdApp-4x5-BCAPerfectforSummerTestimonial-RHM1354V2_c:ProdApp_d:_e:Video_f:PDP_g:250729_h:RHM,120230646799570716,_,fb,Active,Accrual performance,Last non-direct touch,1,0.0,0.0,,64.1,1.0,,
n:Prospecting_o:Testing_p:060724_Testing-ABO,120209839490800716,i:Broad_j:Prospecting_k:ABO_l:250805_m:CDill IWEL,120230905890700716,a:IWEL_b:CDill-IWEL-ProdApp-1x1-FoolProof-V2-US_c:ProdApp_d:_e:Video_f:PDP_g:250805,120230906301310716,_,fb,Active,Accrual performance,Last non-direct touch,1,477.48,11063.0,94.0,31.73,1.0,0.0664530451537237,2574.0
n:Prospecting_o:Testing_p:060724_Testing-ABO,120209839490800716,i:Broad_j:Prospecting_k:ABO_l:250805_m:CDill IWEL,120230905890700716,a:IWEL_b:CDill-IWEL-ProdApp-1x1-FoolProof-V3-US_c:ProdApp_d:_e:Video_f:PDP_g:250805,120230906338510716,_,fb,Active,Accrual performance,Last non-direct touch,1,18.200000000000003,504.0,12.0,0.0,0.0,0.0,143.0
n:Prospecting_o:Testing_p:060724_Testing-ABO,120209839490800716,i:Broad_j:Prospecting_k:ABO_l:250805_m:LLEM Award Winning Messaging Test,120230902081390716,a:Mascara_b:NoModel-LLEM-ProdShot-1x1-V1-usLLEMAwardWinning_c:ProdShot_d:LLEMAwardWinning_e:Static_f:PDP_g:250805,120230902081410716,_,fb,Active,Accrual performance,Last non-direct touch,1,448.50999999999993,22681.0,137.0,28.78,1.0,0.0641680230095204,0.0
n:Prospecting_o:Testing_p:060724_Testing-ABO,120209839490800716,i:Broad_j:Prospecting_k:ABO_l:250805_m:LLEM Award Winning Messaging Test,120230902081390716,a:Mascara_b:NoModel-LLEM-ProdShot-1x1-V2-usLLEMAwardWinning_c:ProdShot_d:LLEMAmericasFavorite_e:Static_f:PDP_g:250805,120230902448430716,_,fb,Active,Accrual performance,Last non-direct touch,1,38.81,2921.0,18.0,0.0,0.0,0.0,0.0
n:Prospecting_o:Testing_p:060724_Testing-ABO,120209839490800716,"i:Broad_j:Prospecting_k:ABO_l:250805_m:LSmith SSLT Shimmer- ""Shop Now"" CTA Test",120230904516390716,"a:LipTint_b:LSmith-SSLT-ProdApp-1x1-Shimmer-V1-US-ShimmerLipTint-CTA_c:ProdApp_d:""Shop Now"" CTA Test_e:Video_f:PDP_g:250805",120230904903320716,_,fb,Active,Accrual performance,Last non-direct touch,1,341.44,9546.0,329.0,129.2,2.0,0.3783973758200562,2987.0
n:Prospecting_o:Testing_p:060724_Testing-ABO,120209839490800716,"i:Broad_j:Prospecting_k:ABO_l:250805_m:LSmith SSLT Shimmer- ""Shop Now"" CTA Test",120230904516390716,"a:LipTint_b:LSmith-SSLT-ProdApp-1x1-Shimmer-V1-US-ShimmerLipTint-NoCTA_c:ProdApp_d:""Shop Now"" CTA Test_e:Video_f:PDP_g:250805",120230904516410716,_,fb,Active,Accrual performance,Last non-direct touch,1,158.95,3657.0,56.0,0.0,0.0,0.0,806.0
n:Prospecting_o:Testing_p:060724_Testing-ABO,120209839490800716,i:Broad_j:Prospecting_k:ABO_l:250805_m:RHM1341,120231008038830716,a:Mascara_b:MultiModel-Mascara-ProdApp-4x5-MatureProbSolListicle-RHM1341V1_c:ProdApp_d:_e:Video_f:PDP_g:250805_h:RHM,120231008124930716,_,fb,Active,Accrual performance,Last non-direct touch,1,97.83000000000003,2135.0,26.0,0.0,0.0,0.0,535.0
n:Prospecting_o:Testing_p:060724_Testing-ABO,120209839490800716,i:Broad_j:Prospecting_k:ABO_l:250805_m:RHM1341,120231008038830716,a:Mascara_b:MultiModel-Mascara-ProdApp-4x5-MatureProbSolListicle-RHM1341V2_c:ProdApp_d:_e:Video_f:PDP_g:250805_h:RHM,120231008307040716,_,fb,Active,Accrual performance,Last non-direct touch,1,397.79,9220.0,117.0,0.0,0.0,0.0,2796.0
n:Prospecting_o:Testing_p:060724_Testing-ABO,120209839490800716,i:Broad_j:Prospecting_k:ABO_l:250805_m:RHM1355,120231009644200716,a:BEB_b:HJones-BEB-ProdApp-4x5-BCATestimonial-RHM1355V1_c:ProdApp_d:_e:Video_f:PDP_g:250805_h:RHM,120231009644240716,_,fb,Paused,Accrual performance,Last non-direct touch,1,356.45,12582.0,126.0,185.49,3.0,0.5203815401879646,3379.0
n:Prospecting_o:Testing_p:060724_Testing-ABO,120209839490800716,i:Broad_j:Prospecting_k:ABO_l:250805_m:RHM1355,120231009644200716,a:BEB_b:HJones-BEB-ProdApp-4x5-BCATestimonial-RHM1355V2_c:ProdApp_d:_e:Video_f:PDP_g:250805_h:RHM,120231009731570716,_,fb,Active,Accrual performance,Last non-direct touch,1,6.86,266.0,1.0,0.0,0.0,0.0,73.0
n:Prospecting_o:Testing_p:060724_Testing-ABO,120209839490800716,i:Broad_j:Prospecting_k:ABO_l:250805_m:RHM1355,120231009644200716,a:BEB_b:HJones-BEB-ProdApp-4x5-BCATestimonial-RHM1355V3_c:ProdApp_d:_e:Video_f:PDP_g:250805_h:RHM,120231009776330716,_,fb,Active,Accrual performance,Last non-direct touch,1,27.459999999999997,792.0,12.0,0.0,0.0,0.0,245.0
n:Prospecting_o:Testing_p:060724_Testing-ABO,120209839490800716,i:Broad_j:Prospecting_k:ABO_l:250805_m:RHM1355,120231009644200716,a:BEB_b:HJones-BEB-ProdApp-4x5-BCATestimonial-RHM1355V4_c:ProdApp_d:_e:Video_f:PDP_g:250805_h:RHM,120231009789100716,_,fb,Paused,Accrual performance,Last non-direct touch,1,322.49,10150.0,94.0,116.59,3.0,0.3615305900958169,1953.0
n:Prospecting_o:Testing_p:060724_Testing-ABO,120209839490800716,i:Broad_j:Prospecting_k:ABO_l:250805_m:RHM1358,120231010072840716,a:IWEL_b:CMazzucco-IWEL-ProdApp-4x5-RHM1358V1_c:ProdApp_d:_e:Video_f:PDP_g:250805_h:RHM,120231010072860716,_,fb,Active,Accrual performance,Last non-direct touch,1,435.88000099999994,14867.0,118.0,32.05,1.0,0.073529411596014,3390.0
n:Prospecting_o:Testing_p:060724_Testing-ABO,120209839490800716,i:Broad_j:Prospecting_k:ABO_l:250805_m:RHM1358,120231010072840716,a:IWEL_b:CMazzucco-IWEL-ProdApp-4x5-RHM1358V2_c:ProdApp_d:_e:Video_f:PDP_g:250805_h:RHM,120231010244670716,_,fb,Active,Accrual performance,Last non-direct touch,1,62.04999999999999,2094.0,26.0,83.77,2.0,1.3500402900886384,408.0
n:Prospecting_o:Testing_p:060724_Testing-ABO,120209839490800716,i:Broad_j:Prospecting_k:ABO_l:250805_m:RHM1363,120231009154610716,a:BEB+IWEL+LipTint+Mascara_b:CDill-BEB+IWEL+LipTint+Mascara-ProdApp-4x5-RIFBundleBCATestimonialNewCustomer-RHM1363V1_c:ProdApp_d:_e:Video_f:PDP_g:250805_h:RHM,120231009154600716,_,fb,Paused,Accrual performance,Last non-direct touch,1,659.6999999999998,23483.0,347.0,1123.78,13.0,1.7034712748218892,5412.0
n:Prospecting_o:Testing_p:060724_Testing-ABO,120209839490800716,i:Broad_j:Prospecting_k:ABO_l:250805_m:RHM1363,120231009154610716,a:BEB+IWEL+LipTint+Mascara_b:CDill-BEB+IWEL+LipTint+Mascara-ProdApp-4x5-RIFBundleBCATestimonialNewCustomer-RHM1363V2_c:ProdApp_d:_e:Video_f:PDP_g:250805_h:RHM,120231009320380716,_,fb,Paused,Accrual performance,Last non-direct touch,1,30.039999999999992,1516.0,19.0,89.16,1.0,2.9680426098535295,410.0
n:Prospecting_o:Testing_p:060724_Testing-ABO,120209839490800716,i:Broad_j:Prospecting_k:ABO_l:250805_m:RHM1363,120231009154610716,a:BEB+IWEL+LipTint+Mascara_b:CDill-BEB+IWEL+LipTint+Mascara-ProdApp-4x5-RIFBundleBCATestimonialNewCustomer-RHM1363V3_c:ProdApp_d:_e:Video_f:PDP_g:250805_h:RHM,120231009383200716,_,fb,Active,Accrual performance,Last non-direct touch,1,3.08,167.0,0.0,0.0,0.0,0.0,26.0
n:Prospecting_o:Testing_p:060724_Testing-ABO,120209839490800716,i:Broad_j:Prospecting_k:ABO_l:250805_m:RHM1363,120231009154610716,a:BEB+IWEL+LipTint+Mascara_b:CDill-BEB+IWEL+LipTint+Mascara-ProdApp-4x5-RIFBundleBCATestimonialNewCustomer-RHM1363V4_c:ProdApp_d:_e:Video_f:PDP_g:250805_h:RHM,120231009419980716,_,fb,Active,Accrual performance,Last non-direct touch,1,9.559999999999999,872.0,5.0,0.0,0.0,0.0,137.0
n:Prospecting_o:Testing_p:060724_Testing-ABO,120209839490800716,i:Broad_j:Prospecting_k:ABO_l:250805_m:RHM1366,120231010843890716,a:BEB+IWEL+Mascara_b:MRusso-BEB+IWEL+Mascara-ProdApp-4x5-3SSEBundleNewCustomer-RHM1366V1_c:ProdApp_d:_e:Video_f:PDP_g:250805_h:RHM,120231010843910716,_,fb,Active,Accrual performance,Last non-direct touch,1,514.229999,23635.0,466.0,893.6400000000001,11.0,1.7378216007191756,7640.0
n:Prospecting_o:Testing_p:060724_Testing-ABO,120209839490800716,i:Broad_j:Prospecting_k:ABO_l:250805_m:RHM1366,120231010843890716,a:BEB+IWEL+Mascara_b:MRusso-BEB+IWEL+Mascara-ProdApp-4x5-3SSEBundleNewCustomer-RHM1366V2_c:ProdApp_d:_e:Video_f:PDP_g:250805_h:RHM,120231011332090716,_,fb,Active,Accrual performance,Last non-direct touch,1,6.609999999999999,306.0,5.0,0.0,0.0,0.0,75.0
n:Prospecting_o:Testing_p:060724_Testing-ABO,120209839490800716,i:Broad_j:Prospecting_k:ABO_l:250805_m:RHM1367,120231011551460716,a:Mascara_b:MultiModel-Mascara-ProdApp-4x5-LPLiftTest-RHM1367V1_c:ProdApp_d:_e:Video_f:MatureLashRevitalizer-LP_g:250805_h:RHM,120231011551480716,_,fb,Active,Accrual performance,Last non-direct touch,1,106.03,4294.0,43.0,0.0,0.0,0.0,1461.0
n:Prospecting_o:Testing_p:060724_Testing-ABO,120209839490800716,i:Broad_j:Prospecting_k:ABO_l:250805_m:RHM1367,120231011551460716,a:Mascara_b:MultiModel-Mascara-ProdApp-4x5-LPLiftTest-RHM1367V2_c:ProdApp_d:_e:Video_f:MatureLashRevitalizer-LP_g:250805_h:RHM,120231011813750716,_,fb,Active,Accrual performance,Last non-direct touch,1,23.520000000000003,1344.0,16.0,0.0,0.0,0.0,353.0
n:Prospecting_o:Testing_p:060724_Testing-ABO,120209839490800716,i:Broad_j:Prospecting_k:ABO_l:250805_m:RHM1367,120231011551460716,a:Mascara_b:MultiModel-Mascara-ProdApp-4x5-LPLiftTest-RHM1367V3_c:ProdApp_d:_e:Video_f:MatureLashRevitalizer-LP_g:250805_h:RHM,120231011866570716,_,fb,Active,Accrual performance,Last non-direct touch,1,27.879999999999995,1070.0,11.0,164.56,1.0,5.902439024390245,376.0
n:Prospecting_o:Testing_p:060724_Testing-ABO,120209839490800716,i:Broad_j:Prospecting_k:ABO_l:250805_m:RHM1367,120231011551460716,a:Mascara_b:MultiModel-Mascara-ProdApp-4x5-LPLiftTest-RHM1367V4_c:ProdApp_d:_e:Video_f:MatureLashRevitalizer-LP_g:250805_h:RHM,120231011903420716,_,fb,Active,Accrual performance,Last non-direct touch,1,528.909999,25655.0,203.0,216.52,4.0,0.409370214988127,8528.0
n:Prospecting_o:Testing_p:060724_Testing-ABO,120209839490800716,i:Broad_j:Prospecting_k:ABO_l:250805_m:RHM1371,120231008659410716,a:Mascara_b:CGilson-Mascara-ProdApp-4x5-BCATestimonial-RHM1371V1_c:ProdApp_d:_e:Video_f:PDP_g:250805_h:RHM,120231008689780716,_,fb,Active,Accrual performance,Last non-direct touch,1,84.19,2468.0,28.0,68.6,2.0,0.814823613255731,750.0
n:Prospecting_o:Testing_p:060724_Testing-ABO,120209839490800716,i:Broad_j:Prospecting_k:ABO_l:250805_m:RHM1371,120231008659410716,a:Mascara_b:CGilson-Mascara-ProdApp-4x5-BCATestimonial-RHM1371V2_c:ProdApp_d:_e:Video_f:PDP_g:250805_h:RHM,120231008840820716,_,fb,Active,Accrual performance,Last non-direct touch,1,395.0799999999999,16164.0,130.0,189.94,4.0,0.4807633896932267,4021.0
n:Prospecting_o:Traffic Consideration LLEM Full Funnel Test_p:250801,120230084679080716,i:W18+ Awareness Video Viewers_j:Retargeting_k:ABO_l:250805_m:Retargeting Traffic LPV- LLEM Full Funnel Test,120230084886080716,a:Mascara_b:AElliot-LLEM-ProdApp-1x1-UpperFun-V2-US_c:ProdApp_d:LLEMFullFunnelTest-WearTest_e:Video_f:PDP_g:250805,120230843245610716,_,fb,Active,Accrual performance,Last non-direct touch,1,962.1200000000001,44451.0,1314.0,0.0,0.0,0.0,13422.0
n:Prospecting_o:Traffic Consideration LLEM Full Funnel Test_p:250801,120230084679080716,i:W18+ Awareness Video Viewers_j:Retargeting_k:ABO_l:250805_m:Retargeting Traffic LPV- LLEM Full Funnel Test,120230084886080716,a:Mascara_b:JKelly-LLEM-ProdApp-1x1-UpperFun-V1-US_c:ProdApp_d:LLEMFullFunnelTest-Education_e:Video_f:PDP_g:250806,120231105566190716,_,fb,Paused,Accrual performance,Last non-direct touch,1,10.61,554.0,16.0,0.0,0.0,0.0,210.0
n:Prospecting_o:Traffic Consideration LLEM Full Funnel Test_p:250801,120230084679080716,i:W18+ Awareness Video Viewers_j:Retargeting_k:ABO_l:250805_m:Retargeting Traffic LPV- LLEM Full Funnel Test,120230084886080716,a:Mascara_b:JStorment LLEM-UpperFunnelTest-4x5-V1-US_c:ProdApp_d:LLEMFullFunnelTest-WearTest_e:Video_f:PDP_g:250805,120230843245600716,_,fb,Active,Accrual performance,Last non-direct touch,1,573.24,29805.0,702.0,0.0,0.0,0.0,14918.0
n:Prospecting_o:Traffic Consideration LLEM Full Funnel Test_p:250801,120230084679080716,i:W18+ Awareness Video Viewers_j:Retargeting_k:ABO_l:250805_m:Retargeting Traffic LPV- LLEM Full Funnel Test,120230084886080716,a:Mascara_b:NoModel-LLEM-ProdShot-1x1-RepurposedCarousel_c:ProdShot_d:LLEMFullFunnelTest-Education_e:Carousel_f:PDP_g:250805,120230843245580716,_,fb,Active,Accrual performance,Last non-direct touch,1,202.53,17312.0,237.0,0.0,0.0,0.0,0.0
n:Prospecting_o:Traffic Consideration LLEM Full Funnel Test_p:250801,120230084679080716,i:W45+ LAL 180D Purchasers_j:Prospecting_k:ABO_l:250801_m:Traffic LPV- LLEM Full Funnel Test,120230084679190716,a:Mascara_b:AElliot-LLEM-ProdApp-1x1-UpperFun-V2-US_c:ProdApp_d:LLEMFullFunnelTest-WearTest_e:Video_f:PDP_g:250801,120230393486630716,_,fb,Active,Accrual performance,Last non-direct touch,1,526.3000000000001,24628.0,994.0,54.28,1.0,0.1031350940528215,11100.0
n:Prospecting_o:Traffic Consideration LLEM Full Funnel Test_p:250801,120230084679080716,i:W45+ LAL 180D Purchasers_j:Prospecting_k:ABO_l:250801_m:Traffic LPV- LLEM Full Funnel Test,120230084679190716,a:Mascara_b:JKelly-LLEM-ProdApp-1x1-UpperFun-V1-US_c:ProdApp_d:LLEMFullFunnelTest-Education_e:Video_f:PDP_g:250806,120231105663210716,_,fb,Paused,Accrual performance,Last non-direct touch,1,14.12,653.0,29.0,0.0,0.0,0.0,264.0
n:Prospecting_o:Traffic Consideration LLEM Full Funnel Test_p:250801,120230084679080716,i:W45+ LAL 180D Purchasers_j:Prospecting_k:ABO_l:250801_m:Traffic LPV- LLEM Full Funnel Test,120230084679190716,a:Mascara_b:JStorment LLEM-UpperFunnelTest-4x5-V1-US_c:ProdApp_d:LLEMFullFunnelTest-WearTest_e:Video_f:PDP_g:250801,120230393903860716,_,fb,Active,Accrual performance,Last non-direct touch,1,397.77,19798.0,664.0,0.0,0.0,0.0,12874.0
n:Prospecting_o:Traffic Consideration LLEM Full Funnel Test_p:250801,120230084679080716,i:W45+ LAL 180D Purchasers_j:Prospecting_k:ABO_l:250801_m:Traffic LPV- LLEM Full Funnel Test,120230084679190716,a:Mascara_b:NoModel-LLEM-ProdShot-1x1-RepurposedCarousel_c:ProdShot_d:LLEMFullFunnelTest-Education_e:Carousel_f:PDP_g:250801,120230840910000716,_,fb,Active,Accrual performance,Last non-direct touch,1,44.16,5603.0,83.0,0.0,0.0,0.0,0.0
n:Prospecting_o:Traffic Consideration LLEM Full Funnel Test_p:250801,120230084679080716,i:W45-54_j:Prospecting_k:ABO_l:250801_m:Demo Traffic LPV- LLEM Full Funnel Test,120230084863870716,a:Mascara_b:AElliot-LLEM-ProdApp-1x1-UpperFun-V2-US_c:ProdApp_d:LLEMFullFunnelTest-WearTest_e:Video_f:PDP_g:250801,120230843245910716,_,fb,Active,Accrual performance,Last non-direct touch,1,1555.24,91307.0,2379.0,0.0,0.0,0.0,22958.0
n:Prospecting_o:Traffic Consideration LLEM Full Funnel Test_p:250801,120230084679080716,i:W45-54_j:Prospecting_k:ABO_l:250801_m:Demo Traffic LPV- LLEM Full Funnel Test,120230084863870716,a:Mascara_b:JKelly-LLEM-ProdApp-1x1-UpperFun-V1-US_c:ProdApp_d:LLEMFullFunnelTest-Education_e:Video_f:PDP_g:250801*bug,120230843245880716,_,fb,Paused,Accrual performance,Last non-direct touch,1,0.0,0.0,,0.0,0.0,,
n:Prospecting_o:Traffic Consideration LLEM Full Funnel Test_p:250801,120230084679080716,i:W45-54_j:Prospecting_k:ABO_l:250801_m:Demo Traffic LPV- LLEM Full Funnel Test,120230084863870716,a:Mascara_b:JKelly-LLEM-ProdApp-1x1-UpperFun-V1-US_c:ProdApp_d:LLEMFullFunnelTest-Education_e:Video_f:PDP_g:250806,120231105663220716,_,fb,Paused,Accrual performance,Last non-direct touch,1,63.27,3742.0,104.0,0.0,0.0,0.0,643.0
n:Prospecting_o:Traffic Consideration LLEM Full Funnel Test_p:250801,120230084679080716,i:W45-54_j:Prospecting_k:ABO_l:250801_m:Demo Traffic LPV- LLEM Full Funnel Test,120230084863870716,a:Mascara_b:JStorment LLEM-UpperFunnelTest-4x5-V1-US_c:ProdApp_d:LLEMFullFunnelTest-WearTest_e:Video_f:PDP_g:250801,120230843245890716,_,fb,Active,Accrual performance,Last non-direct touch,1,710.78,46389.0,1011.0,0.0,0.0,0.0,29420.0
n:Prospecting_o:Traffic Consideration LLEM Full Funnel Test_p:250801,120230084679080716,i:W45-54_j:Prospecting_k:ABO_l:250801_m:Demo Traffic LPV- LLEM Full Funnel Test,120230084863870716,a:Mascara_b:NoModel-LLEM-ProdShot-1x1-RepurposedCarousel_c:ProdShot_d:LLEMFullFunnelTest-Education_e:Carousel_f:PDP_g:250801,120230843245900716,_,fb,Active,Accrual performance,Last non-direct touch,1,117.93,12773.0,198.0,0.0,0.0,0.0,0.0
n:Prospecting_o:Week of Gifting Promo Manual ABO_p:231201,120201381821070716,i:180d ATC + 60d Site View+ 50% Video View_j:Retargeting_k:ABO_l:231201_m:Dec 1st IWES GWP,120201381821080716,a:IWES_b:IWES-ProdShot-Static-1080x1080-CanvaKnit_c:ProdShot_d:_e:Static_f:Home_g:231201,120201381821180716,_,fb,Active,Accrual performance,Last non-direct touch,1,0.0,0.0,,0.0,0.0,,
n:Remarketing_o:8/30-9/3 LDW 3 Tier GWP Promo_p:240830,120211651243150716,i:All Purchasers_j:Remarketing_k:ABO_l:240830_m:8/30-9/3 LDW 3 Tier GWP,120211651243280716,a:MultiProd_b:NoModel-MultiProd-ProdShot-1x1-LaborDay-V1_c:ProdShot_d:_e:Video_f:BestSellers_g:240830,120211656161040716,_,fb,Active,Accrual performance,Last non-direct touch,1,0.0,0.0,,0.0,0.0,,
n:Remarketing_o:8/30-9/3 LDW 3 Tier GWP Promo_p:240830,120211651243150716,i:IWES+Eye Cream+Lip Liner Purchasers_j:Remarketing_k:ABO_l:240830_m:8/30-9/3 LDW 3 Tier GWP,120211657196530716,a:MultiProd_b:NoModel-MultiProd-ProdShot-1x1-LaborDay-V1_c:ProdShot_d:_e:Video_f:BestSellers_g:240830,120211657196520716,_,fb,Active,Accrual performance,Last non-direct touch,1,0.0,0.0,,170.5,1.0,,
n:Remarketing_o:Manual 6/6-6/8/25 Summer Sets Launch + Free Shipping Promo_p:250606,120226878595890716,i:Past Set Purchasers L3Y_j:Remarketing_k:ABO_l:250606_m:6/6-6/8/25 Summer Sets Launch + Free Shipping Promo,120226891949170716,a:MultiProd_b:NoModel-MultiProduct-Animated-1x1-3.1-3.2FreeShippingPromo_c:ProdAnimation_d:Promo_e:GIF_f:MakeupBestSellers_g:250606,120226891949160716,_,fb,Active,Accrual performance,Last non-direct touch,1,0.0,0.0,,0.0,0.0,,
n:Remarketing_o:Manual 7/19-7/20 Up to 40% off + Free Shipping Promo_p:250719,120229819015910716,i:AllPurchasers_j:Remarketing_k:ABO_l:250719_m:7/19-7/20 Up to 40% off + Free Shipping Promo,120229819015890716,a:MultiProd_b:NoModel-MultiProd-Prodshot-1x1-US-40%Off+FreeShippingv1_c:ProdShot_d:Promo_e:Static_f:SaveOnSelectProducts_g:250719,120229819426180716,_,fb,Active,Accrual performance,Last non-direct touch,1,0.0,0.0,,0.0,0.0,,
n:Remarketing_o:Manual 7/4-7/6 4th of July Promo_p:250704,120229108125790716,i:AllPurchasers_j:Remarketing_k:ABO_l:250704_m:7/4-7/6 4th of July Promo,120229108125780716,a:MultiProd_b:NoModel-MultiProd-1x1-PSA-FreeShippingPromo-US-Remarketing_c:ProdShot_d:Promo_e:Static_f:MakeupBestSellers_g:250704,120229108125830716,_,fb,Active,Accrual performance,Last non-direct touch,1,0.0,0.0,,0.0,0.0,,
n:Remarketing_o:Manual 7/4-7/6 4th of July Promo_p:250704,120229108125790716,i:AllPurchasers_j:Remarketing_k:ABO_l:250704_m:7/4-7/6 4th of July Promo,120229108125780716,a:NoProd_b:NoModel-NoProduct-1x1-4thOfJulySale-15%OffFreeShippingSitewide_c:Animation_d:Promo_e:Static_f:MakeupBestSellers_g:250704,120229108451400716,_,fb,Active,Accrual performance,Last non-direct touch,1,0.0,0.0,,0.0,0.0,,
n:Remarketing_o:Manual 7/4-7/6 4th of July Promo_p:250704,120229108125790716,i:AllPurchasers_j:Remarketing_k:ABO_l:250704_m:7/4-7/6 4th of July Promo,120229108125780716,a:NoProd_b:NoModel-NoProduct-1x1-4thOfJulySaleNoteApp-15%OffFreeShippingSitewide_c:Animation_d:Promo_e:Static_f:MakeupBestSellers_g:250704,120229108320370716,_,fb,Active,Accrual performance,Last non-direct touch,1,0.0,0.0,,37.11,1.0,,
n:Remarketing_o:Manual 8/2-8/3/25 Summer sets Price Drop + Free Shipping Promo_p:250802,120230909338440716,i:AllPurchasers_j:Remarketing_k:CBO_l:250802_m:8/2-8/3/25 Summer sets Price Drop + Free Shipping Promo,120230909895640716,a:Empowermatte+PlumpingGloss_b:NoModel-SSLPPG+LipstickCrayon-Prodshot-1x1-USSummerSetsDrop-SummerLipEssentials_c:ProdShot_d:Promo_e:Static_f:SummerLipEssentialsSet_g:250802,120230909895680716,_,fb,Active,Accrual performance,Last non-direct touch,1,0.0,0.0,,0.0,0.0,,
n:Remarketing_o:Manual 8/2-8/3/25 Summer sets Price Drop + Free Shipping Promo_p:250802,120230909338440716,i:AllPurchasers_j:Remarketing_k:CBO_l:250802_m:8/2-8/3/25 Summer sets Price Drop + Free Shipping Promo,120230909895640716,a:MultiProd_b:NoModel-MultiProd-1x1-PSA-FreeShippingPromo-US-Remarketing_c:ProdShot_d:Promo_e:Static_f:MakeupBestSellers_g:250802,120230909895660716,_,fb,Active,Accrual performance,Last non-direct touch,1,0.0,0.0,,0.0,0.0,,
n:Remarketing_o:Manual 8/2-8/3/25 Summer sets Price Drop + Free Shipping Promo_p:250802,120230909338440716,i:AllPurchasers_j:Remarketing_k:CBO_l:250802_m:8/2-8/3/25 Summer sets Price Drop + Free Shipping Promo,120230909895640716,a:MultiProd_b:NoModel-MultiProduct-Animated-1x1-3.1-3.2FreeShippingPromo_c:ProdAnimation_d:Promo_e:GIF_f:MakeupBestSellers_g:250802,120230909895670716,_,fb,Active,Accrual performance,Last non-direct touch,1,0.0,0.0,,0.0,0.0,,
n:Remarketing_o:Manual 8/2-8/3/25 Summer sets Price Drop + Free Shipping Promo_p:250802,120230909338440716,i:AllPurchasers_j:Remarketing_k:CBO_l:250802_m:8/2-8/3/25 Summer sets Price Drop + Free Shipping Promo,120230909895640716,a:MultiProd_b:NoModel-MultiProducts-Prodshot-1x1-USSummerSetsDrop-AllSets_c:ProdShot_d:Promo_e:Static_f:ValueSets_g:250802,120230909895630716,_,fb,Active,Accrual performance,Last non-direct touch,1,0.0,0.0,,0.0,0.0,,
n:Remarketing_o:Manual 8/2-8/3/25 Summer sets Price Drop + Free Shipping Promo_p:250802,120230909338440716,i:AllPurchasers_j:Remarketing_k:CBO_l:250802_m:8/2-8/3/25 Summer sets Price Drop + Free Shipping Promo,120230909895640716,a:NoProd_b:NoModel-NoProd-1x1-USSummerSetsDrop-PRICEDROP_c:ProdShot_d:Promo_e:Static_f:ValueSets_g:250802,120230909895650716,_,fb,Active,Accrual performance,Last non-direct touch,1,0.0,0.0,,111.94,1.0,,
n:Remarketing_o:Manual_p:241210_q:Conversion-CBO,120214097184210716,i:All Purchasers_j:Remarketing_k:CBO_l:250501_m:Spring Warehouse Sale,120224332893600716,a:MultiProd_b:NoModel-MultiProd-ProdShot-1x1-SpringCleaning-Warehousesale_c:Animation_d:WarehouseSale_e:Static:SpringWarehouseSale_g:250501,120224526357410716,_,fb,Active,Accrual performance,Last non-direct touch,1,0.0,0.0,,0.0,0.0,,
n:Remarketing_o:Manual_p:241210_q:Conversion-CBO,120214097184210716,i:All Purchasers_j:Remarketing_k:CBO_l:250617_m:Mixed products $600 min,120228155455070716,a:BodyCream_b:MRusso-BodyCream-ProdApp-1x1-BTBS-V1-US_c:ProdApp_d:BTBS_e:Video_f:PDP_g:250730,120230668796260716,_,fb,Active,Accrual performance,Last non-direct touch,1,2.2099999999999995,462.0,6.0,0.0,0.0,0.0,50.0
n:Remarketing_o:Manual_p:241210_q:Conversion-CBO,120214097184210716,i:All Purchasers_j:Remarketing_k:CBO_l:250617_m:Mixed products $600 min,120228155455070716,a:BodyCream_b:MRusso-BodyCream-ProdApp-1x1-BTBS-V2-US_c:ProdApp_d:BTBS_e:Video_f:PDP_g:250730,120230672337160716,_,fb,Active,Accrual performance,Last non-direct touch,1,1.75,317.0,3.0,0.0,0.0,0.0,44.0
n:Remarketing_o:Manual_p:241210_q:Conversion-CBO,120214097184210716,i:All Purchasers_j:Remarketing_k:CBO_l:250617_m:Mixed products $600 min,120228155455070716,a:BodyCream_b:MRusso-BodyCream-ProdApp-1x1-BTBS-V3-US_c:ProdApp_d:BTBS_e:Video_f:PDP_g:250730,120230672375490716,_,fb,Active,Accrual performance,Last non-direct touch,1,3.029999999999999,492.0,0.0,0.0,0.0,0.0,87.0
n:Remarketing_o:Manual_p:241210_q:Conversion-CBO,120214097184210716,i:All Purchasers_j:Remarketing_k:CBO_l:250617_m:Mixed products $600 min,120228155455070716,a:BodyCream_b:Ndea-BodyCream-ProdApp-1x1-YouAskedBodyCreamLaunch_c:ProdShot_d:BTBS_e:Static_f:PDP_g:250730,120230747840340716,_,fb,Active,Accrual performance,Last non-direct touch,1,2.92,809.0,3.0,0.0,0.0,0.0,0.0
n:Remarketing_o:Manual_p:241210_q:Conversion-CBO,120214097184210716,i:All Purchasers_j:Remarketing_k:CBO_l:250617_m:Mixed products $600 min,120228155455070716,a:LipTint_b:CGilson-LipTint-ProdApp-4x5_9x16-BerryCollectionBCAIterations-Ragan-RHM1291V4_c:ProdApp_d:BerryCollection _e:Video_f:PDP_g:250617_h:RHM,120228155455100716,_,fb,Paused,Accrual performance,Last non-direct touch,1,5376.169998,297043.0,2982.0,5852.050000000001,113.0,1.0885165465707063,72438.0
n:Remarketing_o:Manual_p:241210_q:Conversion-CBO,120214097184210716,i:All Purchasers_j:Remarketing_k:CBO_l:250617_m:Mixed products $600 min,120228155455070716,a:LipTint_b:NoModel-LipTint-ProdAnimation-1x1-AllCustomer-RHM1283V3_c:ProdAnimation_d:_e:Static_f:PDP_g:250716_h:RHM,120229817002190716,_,fb,Active,Accrual performance,Last non-direct touch,1,456.3700000000002,39502.0,347.0,610.9599999999999,13.0,1.338738304445953,0.0
n:Remarketing_o:Manual_p:241210_q:Conversion-CBO,120214097184210716,i:All Purchasers_j:Remarketing_k:CBO_l:250617_m:Mixed products $600 min,120228155455070716,a:Mascara_b:NoModel-Mascara-ProdShot-1x1-Buy2FreeShipReturnCustomer-RHM1301V4_c:ProdShot_d:_e:Static_f:PDP_g:250716_h:RHM,120229817242290716,_,fb,Paused,Accrual performance,Last non-direct touch,1,0.0,0.0,,80.52,1.0,,
n:Remarketing_o:Manual_p:241210_q:Conversion-CBO,120214097184210716,i:All Purchasers_j:Remarketing_k:CBO_l:250624_m:Shimmer Lip Tint Launch $600 min,120228645696200716,a:LipTint_b:Ashley-SSLT-Animation-4x5-Before-After-Amy-SSLTShimmerLaunch-V1_c:B&A_d:ShimmerLipTint_e:GIF_f:PDP_g:250624,120228645696320716,_,fb,Paused,Accrual performance,Last non-direct touch,1,468.11999900000006,9894.0,100.0,0.0,0.0,0.0,1724.0
n:Remarketing_o:Manual_p:241210_q:Conversion-CBO,120214097184210716,i:All Purchasers_j:Remarketing_k:CBO_l:250624_m:Shimmer Lip Tint Launch $600 min,120228645696200716,a:LipTint_b:SPavlos-LipTint-ProdApp-1x1-GifStyle-V1_c:ProdApp_d:ShimmerLipTint_e:GIF_f:PDP_g:250624,120228645696350716,_,fb,Active,Accrual performance,Last non-direct touch,1,4.39,154.0,2.0,0.0,0.0,0.0,36.0
n:Remarketing_o:Manual_p:241210_q:Conversion-CBO,120214097184210716,i:All Purchasers_j:Remarketing_k:CBO_l:250624_m:Shimmer Lip Tint Launch $600 min,120228645696200716,a:LipTint_b:SPavlos-LipTint-ProdApp-4x5-ShimmerLipTintUSCA-V1-US_c:ProdApp_d:ShimmerLipTint_e:Video_f:PDP_g:250624,120228645696310716,_,fb,Active,Accrual performance,Last non-direct touch,1,2.92,92.0,0.0,0.0,0.0,0.0,19.0
n:Remarketing_o:Manual_p:241210_q:Conversion-CBO,120214097184210716,i:All Purchasers_j:Remarketing_k:CBO_l:250624_m:Shimmer Lip Tint Launch $600 min,120228645696200716,a:LipTint_b:SPavlos-LipTint-ProdApp-4x5-ShimmerLipTintUSCA-V2-US_c:ProdApp_d:ShimmerLipTint_e:Video_f:PDP_g:250624,120228645696300716,_,fb,Active,Accrual performance,Last non-direct touch,1,5.119999999999999,181.0,3.0,0.0,0.0,0.0,49.0
n:Remarketing_o:Manual_p:241210_q:Conversion-CBO,120214097184210716,i:All Purchasers_j:Remarketing_k:CBO_l:250703_m:BEB+Topper $600 min,120229237020890716,a:BEB_b:DOBrian-BEB-ProdApp-4x5-NA-MatteLaunch-NA-RHMConceptualFB-NA-RHM1003V1_c:ProdApp_d:NEWMatteShades_e:Video_f:PDP_g:240925,120229237794580716,_,fb,Active,Accrual performance,Last non-direct touch,1,0.24,4.0,0.0,0.0,0.0,0.0,2.0
n:Remarketing_o:Manual_p:241210_q:Conversion-CBO,120214097184210716,i:All Purchasers_j:Remarketing_k:CBO_l:250703_m:BEB+Topper $600 min,120229237020890716,a:BEB_b:NoModel-BEB-ProdShot-1x1-MatteEssentialsLaunch_c:ProdAnimation_d:NEWMatteShades_e:Static_f:PDP_g:241023,120229237794730716,_,fb,Active,Accrual performance,Last non-direct touch,1,0.0,2.0,0.0,0.0,0.0,,0.0
n:Remarketing_o:Manual_p:241210_q:Conversion-CBO,120214097184210716,i:All Purchasers_j:Remarketing_k:CBO_l:250703_m:BEB+Topper $600 min,120229237020890716,a:BEB_b:SPavlos-BEB-ProdApp-1x1-AllShades-MatteLaunch_c:ProdApp_d:NEWMatteShades_e:Video_f:PDP_g:240925_h:TCCP,120229237794750716,_,fb,Active,Accrual performance,Last non-direct touch,1,0.01,1.0,0.0,0.0,0.0,0.0,0.0
n:Remarketing_o:Manual_p:241210_q:Conversion-CBO,120214097184210716,i:All Purchasers_j:Remarketing_k:CBO_l:250703_m:BEB+Topper $600 min,120229237020890716,a:BEB_b:SPavlos-BEB-ProdApp-1x1-Tracy-MatteLaunch_c:ProdApp_d:NEWMatteShades_e:Video_f:PDP_g:241004,120229237794720716,_,fb,Active,Accrual performance,Last non-direct touch,1,0.0,1.0,0.0,0.0,0.0,,0.0
n:Remarketing_o:Manual_p:241210_q:Conversion-CBO,120214097184210716,i:All Purchasers_j:Remarketing_k:CBO_l:250708_m:LipMate LipTopper Karissa $600 min,120229232131380716,a:LipMate_b:JKelso-LipMate-B A-4x5-KarrisaLipMateB A-KarissaLipTopperLaunch_c:B&A_d:KarissaLipMate_e:Static_f:PDP_g:250708,120229421549170716,_,fb,Active,Accrual performance,Last non-direct touch,1,0.0,1.0,0.0,0.0,0.0,,0.0
n:Remarketing_o:Manual_p:241210_q:Conversion-CBO,120214097184210716,i:All Purchasers_j:Remarketing_k:CBO_l:250708_m:LipMate LipTopper Karissa $600 min,120229232131380716,a:LipMate_b:MulitModel-LipMate-Animation-4x5-Karissa-MacroShotB A-KarissaLipTopperLaunch_c:B&A_d:KarissaLipMate_e:GIF_f:PDP_g:250708,120229420987890716,_,fb,Active,Accrual performance,Last non-direct touch,1,0.01,1.0,0.0,0.0,0.0,0.0,0.0
n:Remarketing_o:Manual_p:241210_q:Conversion-CBO,120214097184210716,i:All Purchasers_j:Remarketing_k:CBO_l:250708_m:LipMate LipTopper Karissa $600 min,120229232131380716,a:LipMate_b:NoModel-LipMateLipTopper-ProdShot-4x5-KBLaunch-LimtedEdition_c:ProdShot_d:KarissaLipMate_e:Static_f:PDP_g:250708,120229232131370716,_,fb,Active,Accrual performance,Last non-direct touch,1,0.04,6.0,0.0,0.0,0.0,0.0,0.0
n:Remarketing_o:Manual_p:241210_q:Conversion-CBO,120214097184210716,i:All Purchasers_j:Remarketing_k:CBO_l:250715_m:BrowPencil $600 min,120229597731850716,a:BrowPencil_b:NoModel-QuickFillBrowPencil-ProdShot-1x1-PDOverview-USA_c:ProdShot_d:_e:Static_f:PDP_g:250715,120229597754650716,_,fb,Active,Accrual performance,Last non-direct touch,1,0.0,0.0,,138.99,2.0,,
n:Remarketing_o:Manual_p:241210_q:Conversion-CBO,120214097184210716,i:All Purchasers_j:Remarketing_k:CBO_l:250807_m:July Top Performers,120231106814790716,a:BEB+IWEL+Mascara_b:HJones-BEB+IWEL+Mascara-ProdApp-4x5-3SSEBundleBCATestimonial-RHM1302V1_c:ProdApp_d:_e:Video_f:PDP_g:250807_h:RHM,120231106815160716,_,fb,Active,Accrual performance,Last non-direct touch,1,30.67,2434.0,27.0,0.0,0.0,0.0,550.0
n:Remarketing_o:Manual_p:241210_q:Conversion-CBO,120214097184210716,i:All Purchasers_j:Remarketing_k:CBO_l:250807_m:July Top Performers,120231106814790716,a:BEB+IWEL+Mascara_b:NoModel-BEB+IWEL+Mascara-ProdShot-1x1-3SSE-RHM1313V1_c:ProdShot_d:_e:Static_f:PDP_g:250807_h:RHM,120231106815150716,_,fb,Active,Accrual performance,Last non-direct touch,1,2.33,293.0,0.0,0.0,0.0,0.0,0.0
n:Remarketing_o:Manual_p:241210_q:Conversion-CBO,120214097184210716,i:All Purchasers_j:Remarketing_k:CBO_l:250807_m:July Top Performers,120231106814790716,a:BEB_b:NTamayo-BEB-ProdApp-4x5-Enhancing2-V2_c:ProdApp_d:EyeEnhancing_e:Video_f:PDP_g:250807,120231106815170716,_,fb,Active,Accrual performance,Last non-direct touch,1,113.13,6967.0,89.0,307.15999999999997,4.0,2.7151065146291873,1854.0
n:Remarketing_o:Manual_p:241210_q:Conversion-CBO,120214097184210716,i:All Purchasers_j:Remarketing_k:CBO_l:250807_m:July Top Performers,120231106814790716,a:BEB_b:NoModel-BEB-ProdShot-1x1-2for8Static-RHM1092V1_c:ProdShot_d:_e:Static_f:PDP_g:250807,120231106815130716,_,fb,Active,Accrual performance,Last non-direct touch,1,33.85,3527.0,31.0,0.0,0.0,0.0,0.0
n:Remarketing_o:Manual_p:241210_q:Conversion-CBO,120214097184210716,i:All Purchasers_j:Remarketing_k:CBO_l:250807_m:July Top Performers,120231106814790716,a:BrowGel+IWEL+Mascara_b:LKiesling Brow Gel-IWEL-LLEM-4x5-V1_c:ProdApp_d:CompleteEyeTransformationSet_e:Video_f:PDP_g:250807,120231106815120716,_,fb,Active,Accrual performance,Last non-direct touch,1,4.9799999999999995,418.0,1.0,70.74,1.0,14.204819277108436,78.0
n:Remarketing_o:Manual_p:241210_q:Conversion-CBO,120214097184210716,i:All Purchasers_j:Remarketing_k:CBO_l:250807_m:July Top Performers,120231106814790716,a:Mascara_b:MultiModel-Mascara-ProdApp-4x5-MatureExplainerIterations-RHM1289V2_c:ProdApp_d:_e:Video_f:PDP_g:250807_h:RHM,120231106815140716,_,fb,Active,Accrual performance,Last non-direct touch,1,31.82,1881.0,14.0,0.0,0.0,0.0,958.0
n:Remarketing_o:Manual_p:241210_q:Conversion-CBO,120214097184210716,i:All Purchasers_j:Remarketing_k:V=CBO_l:250530_m:RHM1260,120226878555550716,a:BEB_b:NoModel-BEB-ProdAnimation-1x1-ReturnCustomerShadeGridIterations-RHM1260V2_c:ProdAnimation_d:_e:Static_f:BEBDuo_g:250530_h:RHM,120226878555560716,_,fb,Active,Accrual performance,Last non-direct touch,1,23.809999,2605.0,23.0,0.0,0.0,0.0,6.0
n:Remarketing_o:Manual_p:241210_q:Conversion-CBO,120214097184210716,i:All Purchasers_j:Remarketing_k:V=CBO_l:250530_m:RHM1260,120226878555550716,a:BEB_b:NoModel-BEB-ProdAnimation-1x1-ReturnCustomerShadeGridIterations-RHM1260V3_c:ProdAnimation_d:_e:Static_f:BEBDuo_g:250530_h:RHM,120226878555530716,_,fb,Active,Accrual performance,Last non-direct touch,1,223.46999999999997,24593.0,209.0,676.9300000000001,8.0,3.029176175773035,54.0
n:Remarketing_o:Manual_p:241210_q:Conversion-CBO,120214097184210716,i:AllPurchasers_j:Remarketing_k:CBO_l:250604_m:Brilliant Under Eye Brightener Illuminating Corrector & BUEB Powder $600 min,120226110584820716,a:BUEB+BUEBPowder_b:LKeisling-BEB-ProdAp-4x5-BUEB-V2_c:ProdApp_d:_e:Video_f:BUEBDuo_g:250611,120227757013320716,_,fb,Active,Accrual performance,Last non-direct touch,1,0.0,0.0,,0.0,0.0,,
n:Remarketing_o:Manual_p:241210_q:Conversion-CBO,120214097184210716,i:Manual_j:Remarketing_k:CBO_l:250131_m:Lapsed + Unengaged Email $600 min,120217813494480716,a:BEB_b:JBristow-BEB-ProdApp-1x1-Viral_c:ProdApp_d:_e:Video_f:PDP_g:250725,120230378119620716,_,fb,Active,Accrual performance,Last non-direct touch,1,463.94000000000005,33480.0,289.0,779.1499999999999,12.0,1.6794197525542092,6335.0
n:Remarketing_o:Manual_p:241210_q:Conversion-CBO,120214097184210716,i:Manual_j:Remarketing_k:CBO_l:250131_m:Lapsed + Unengaged Email $600 min,120217813494480716,a:BrowGel_b:MultiModel-BrowGel-ProdApp-1080x1350-NA-CloseUpApp-RHMConceptualFB-RHM120V1_c:ProdApp_d:Get Perfect_e:Video_f:PDP_g:250227_h:RHM Previous Top Performer,120217814343440716,_,fb,Paused,Accrual performance,Last non-direct touch,1,0.0,0.0,,0.0,0.0,,
n:Remarketing_o:Manual_p:241210_q:Conversion-CBO,120214097184210716,i:Manual_j:Remarketing_k:CBO_l:250131_m:Lapsed + Unengaged Email $600 min,120217813494480716,a:BrowGel_b:TRenner-BrowGel-ProdApp-4x5-Testimonial-Merida-RHM1141V1_c:ProdApp_d:_e:Video_f:PDP_g:250725,120230377355780716,_,fb,Paused,Accrual performance,Last non-direct touch,1,1814.250002,84672.0,1217.0,3026.6499999999996,59.0,1.6682651214901307,27316.0
n:Remarketing_o:Manual_p:241210_q:Conversion-CBO,120214097184210716,i:Manual_j:Remarketing_k:CBO_l:250131_m:Lapsed + Unengaged Email $600 min,120217813494480716,a:Mascara_b:FGroh-LLEM-Berry-US-4x5-V2_c:ProdApp_d:BerryCollection_e:Video_f:PDP_g:250731,120230857173140716,_,fb,Active,Accrual performance,Last non-direct touch,1,2377.78,164598.0,1198.0,4089.53,80.0,1.719894187014778,50281.0
n:Remarketing_o:Manual_p:241210_q:Conversion-CBO,120214097184210716,i:Manual_j:Remarketing_k:CBO_l:250131_m:Lapsed + Unengaged Email $600 min,120217813494480716,a:Mascara_b:MultiModel-Mascara-ProdApp-4x5-MatureFocus-RHM1242V2_c:ProdApp_d:_e:Video_f:PDP_g:250725_h:RHM,120230381300260716,_,fb,Active,Accrual performance,Last non-direct touch,1,9.03,575.0,6.0,0.0,0.0,0.0,243.0
n:Remarketing_o:Testing_p:220830_q:Testing ABO,6284150061135,i:Skincare Purchasers_j:Remarketing_k:ABO_l:230707_m:Birthday Liquid Balm Launch,6351802066135,a:LiquidBalmBday_b:BDayBalmProdShot-R2-V1-1080x1080_c:ProdShot_d:_e:Static_f:PDP_g:230707_h:BirthdayBalmLaunch,6351802064935,_,fb,Active,Accrual performance,Last non-direct touch,1,0.0,0.0,,0.0,0.0,,
n:Remarketing_o:Testing_p:240122_q:Testing ABO,120204127941930716,i:All Purchasers_j:Remarketing_k:ABO_l:240816_m:RHM941,120211309875340716,a:EmpowerMatte_b:PPhillips-LipCrayon-ProdApp-9x16-Evelyn-2NewShades-NA-RHMConceptualFB-RHM941V2_c:ProdApp_d:_e:Video_f:PDP_g:240816,120211309875330716,_,fb,Active,Accrual performance,Last non-direct touch,1,0.0,0.0,,0.0,0.0,,
