campaign_name,campaign_id,adset_name,adset_id,ad_name,ad_id,kind,platform,status,accounting_mode,attribution_model,attribution_window,spend,impressions,meta_link_clicks,attributed_rev,transactions,roas,meta_3s_video_views
Facebook Organic (fbclid),,(no name),,(no name),,query,fb,,Accrual performance,Last non-direct touch,1,0.0,0.0,,2528.62,41.0,,
Meta Shops,__meta_shops__,Meta Shops,,Meta Shops,,_,fb,,Accrual performance,Last non-direct touch,1,0.0,0.0,,1400.98,40.0,,
n:Prospecting+Remarketing_o:ASC 10% Cap Brows + IWEL_p:240408 Campaign,120207821501690716,n:Prospecting+Remarketing_o:ASC 10% Cap Brows + IWEL_p:240408 Ad set,120207821501770716,a:BrowGel_b:AHoover-BrowGel-ProdApp-4x5-Testimonial-April-RHM1131V1_c:ProdApp_d:_e:Video_f:PDP_g:250130,120215668956380716,_,fb,Active,Accrual performance,Last non-direct touch,1,0.0,0.0,,0.0,0.0,,
n:Prospecting+Remarketing_o:ASC 10% Cap Brows + IWEL_p:240408 Campaign,120207821501690716,n:Prospecting+Remarketing_o:ASC 10% Cap Brows + IWEL_p:240408 Ad set,120207821501770716,a:BrowGel_b:ARutherford-BrowGel-ProdApp-1080x1080-Audrey-QuickandEasy_c:ProdApp_d:_e:Video_f:PDP_g:230405 - Copy 2,120210534082090716,_,fb,Paused,Accrual performance,Last non-direct touch,1,472.7399999999999,14733.0,145.0,402.08,13.0,0.8505309472437282,4451.0
n:Prospecting+Remarketing_o:ASC 10% Cap Brows + IWEL_p:240408 Campaign,120207821501690716,n:Prospecting+Remarketing_o:ASC 10% Cap Brows + IWEL_p:240408 Ad set,120207821501770716,a:BrowGel_b:HMoulder-BrowGel-ProdApp-4x5-Merida-V4_c:ProdApp_d:_e:Video_f:PDP_g:25027,120217807016320716,_,fb,Paused,Accrual performance,Last non-direct touch,1,888.5200010000002,51751.0,418.0,415.48,11.0,0.4676090572326913,13862.0
n:Prospecting+Remarketing_o:ASC 10% Cap Brows + IWEL_p:240408 Campaign,120207821501690716,n:Prospecting+Remarketing_o:ASC 10% Cap Brows + IWEL_p:240408 Ad set,120207821501770716,a:BrowGel_b:LKiesling-BrowGel-ProdApp-Nan-Mature-V2_c:ProdApp_d:_e:Video_f:PDP_g:250130,120215668819140716,_,fb,Paused,Accrual performance,Last non-direct touch,1,917.160001,33652.0,366.0,321.52,11.0,0.3505604252796018,8379.0
n:Prospecting+Remarketing_o:ASC 10% Cap Brows + IWEL_p:240408 Campaign,120207821501690716,n:Prospecting+Remarketing_o:ASC 10% Cap Brows + IWEL_p:240408 Ad set,120207821501770716,a:BrowGel_b:MultiModel-BrowGel-ProdApp-4x5-MatureProbSolExplainer-RHM1297V1_c:ProdApp_d:_e:Video_f:PDP_g:250709_h:RHM,120229514100150716,_,fb,Paused,Accrual performance,Last non-direct touch,1,0.0,0.0,0.0,0.0,0.0,,0.0
n:Prospecting+Remarketing_o:ASC 10% Cap Brows + IWEL_p:240408 Campaign,120207821501690716,n:Prospecting+Remarketing_o:ASC 10% Cap Brows + IWEL_p:240408 Ad set,120207821501770716,a:BrowGel_b:TRenner-BrowGel-ProdApp-4x5-Testimonial-Merida-RHM1141V1_c:ProdApp_d:_e:Video_f:PDP_g:250305,120218069286470716,_,fb,Paused,Accrual performance,Last non-direct touch,1,0.0,0.0,,0.0,0.0,,
n:Prospecting+Remarketing_o:ASC 10% Cap Brows + IWEL_p:240408 Campaign,120207821501690716,n:Prospecting+Remarketing_o:ASC 10% Cap Brows + IWEL_p:240408 Ad set,120207821501770716,a:BrowLiner_b:CGilson-BrowLiner-ProdApp-4x5-BCATestimonialIteration-Blanka-RHM1161V3_c:ProdApp_d:_e:Video_f:PDP_g:250227,120217807046340716,_,fb,Paused,Accrual performance,Last non-direct touch,1,424.72,22832.0,245.0,78.03,3.0,0.1837210397438312,4572.0
n:Prospecting+Remarketing_o:ASC 10% Cap Brows + IWEL_p:240408 Campaign,120207821501690716,n:Prospecting+Remarketing_o:ASC 10% Cap Brows + IWEL_p:240408 Ad set,120207821501770716,a:BrowLiner_b:TH1103-Michelle-BrowLiner-A_c:ProdApp_d:See why beauty lovers_e:Video_f:PDP_g:240202_h:NRTV-BCA - Previous Top Performer,120210598690240716,_,fb,Active,Accrual performance,Last non-direct touch,1,1202.72,48035.0,969.0,544.16,13.0,0.4524411334308899,15396.0
n:Prospecting+Remarketing_o:ASC 10% Cap Brows + IWEL_p:240408 Campaign,120207821501690716,n:Prospecting+Remarketing_o:ASC 10% Cap Brows + IWEL_p:240408 Ad set,120207821501770716,a:BrowPencil_b:Ash-QuickFixBrowPencil-ProdApp-B+A-1x1-Serena-USA_c:B&A_d:_e:Static_f:PDP_g:250730,120230799523110716,_,fb,Active,Accrual performance,Last non-direct touch,1,2.28,178.0,0.0,0.0,0.0,0.0,0.0
n:Prospecting+Remarketing_o:ASC 10% Cap Brows + IWEL_p:240408 Campaign,120207821501690716,n:Prospecting+Remarketing_o:ASC 10% Cap Brows + IWEL_p:240408 Ad set,120207821501770716,a:BrowPencil_b:CGilson-BrowPencil-ProdApp-4x5-BrowPencilLaunchBCATestimonial-Blanka-RHM1318V1_c:ProdApp_d:_e:Video_f:PDP_g:250730_h:RHM,120230799168490716,_,fb,Paused,Accrual performance,Last non-direct touch,1,1441.41,52215.0,841.0,1401.2100000000005,38.0,0.9721106416633712,16110.0
n:Prospecting+Remarketing_o:ASC 10% Cap Brows + IWEL_p:240408 Campaign,120207821501690716,n:Prospecting+Remarketing_o:ASC 10% Cap Brows + IWEL_p:240408 Ad set,120207821501770716,a:BrowPencil_b:LKiesling-BrowPencil-ProdApp-1x1-Nan-V2-US_c:ProdApp_d:_e:Video_f:PDP_g:250730,120230799523160716,_,fb,Active,Accrual performance,Last non-direct touch,1,2794.440001,119131.0,1545.0,2230.4200000000005,60.0,0.7981634957994578,40016.0
n:Prospecting+Remarketing_o:ASC 10% Cap Brows + IWEL_p:240408 Campaign,120207821501690716,n:Prospecting+Remarketing_o:ASC 10% Cap Brows + IWEL_p:240408 Ad set,120207821501770716,a:BrowPencil_b:LKiesling-BrowPencil-ProdApp-1x1-Nan-V2-US_c:ProdApp_d:_e:Video_f:PDP_g:250730,120230798848070716,_,fb,Active,Accrual performance,Last non-direct touch,1,1654.75,72586.0,975.0,1589.2099999999998,43.0,0.9603928085813564,23694.0
n:Prospecting+Remarketing_o:ASC 10% Cap Brows + IWEL_p:240408 Campaign,120207821501690716,n:Prospecting+Remarketing_o:ASC 10% Cap Brows + IWEL_p:240408 Ad set,120207821501770716,a:BrowPencil_b:Lisa-QuickFixBrowPencil-ProdApp-B+A-1x1-Nan-USA_c:B&A_d:_e:Static_f:PDP_g:250730,120230799523150716,_,fb,Active,Accrual performance,Last non-direct touch,1,3.71,230.0,2.0,0.0,0.0,0.0,0.0
n:Prospecting+Remarketing_o:ASC 10% Cap Brows + IWEL_p:240408 Campaign,120207821501690716,n:Prospecting+Remarketing_o:ASC 10% Cap Brows + IWEL_p:240408 Ad set,120207821501770716,a:BrowPencil_b:Louise QuickFixBrowPencil-Animation-1x1-B+ASlider-USA_c:B&A_d:_e:GIF_f:PDP_g:250730,120230799523120716,_,fb,Active,Accrual performance,Last non-direct touch,1,10.09,302.0,8.0,0.0,0.0,0.0,99.0
n:Prospecting+Remarketing_o:ASC 10% Cap Brows + IWEL_p:240408 Campaign,120207821501690716,n:Prospecting+Remarketing_o:ASC 10% Cap Brows + IWEL_p:240408 Ad set,120207821501770716,a:BrowPencil_b:NoModel-QuickFillEyebrowPencil-ProdShot-4x5-Quote-Evergreen-V1_c:ProdShot_d:_e:Static_f:PDP_g:250730,120230799523140716,_,fb,Active,Accrual performance,Last non-direct touch,1,49.57999999999999,1662.0,20.0,0.0,0.0,0.0,0.0
n:Prospecting+Remarketing_o:ASC 10% Cap Brows + IWEL_p:240408 Campaign,120207821501690716,n:Prospecting+Remarketing_o:ASC 10% Cap Brows + IWEL_p:240408 Ad set,120207821501770716,a:Browgel_b:TH1617-MultiUGC-MatureWomenBrowGel-A_c:ProdApp_d:_e:Video_f:PDP_g:250709_h:NRTV2025,120229513780090716,_,fb,Paused,Accrual performance,Last non-direct touch,1,466.89,14427.0,152.0,229.48,5.0,0.4915076356315191,3732.0
n:Prospecting+Remarketing_o:ASC 10% Cap Brows + IWEL_p:240408 Campaign,120207821501690716,n:Prospecting+Remarketing_o:ASC 10% Cap Brows + IWEL_p:240408 Ad set,120207821501770716,a:IWEL_b:JMoore-Eyeliner-ProdApp-4x5-Testimonial-RHM1220V1_c:ProdApp_d:_e:Video_f:PDP_g:250423_h:RHM,120223427746590716,_,fb,Active,Accrual performance,Last non-direct touch,1,9.809999999999999,289.0,10.0,0.0,0.0,0.0,68.0
n:Prospecting+Remarketing_o:ASC 10% Cap Brows + IWEL_p:240408 Campaign,120207821501690716,n:Prospecting+Remarketing_o:ASC 10% Cap Brows + IWEL_p:240408 Ad set,120207821501770716,a:IWEL_b:JMoore-IWEL-ProdApp-4x5-TestimonialIteration-RHM1252V4_c:ProdApp_d:_e:Video_f:PDP_g:250521_h:RHM,120226300418680716,_,fb,Active,Accrual performance,Last non-direct touch,1,20.139999999999997,754.0,7.0,0.0,0.0,0.0,194.0
n:Prospecting+Remarketing_o:ASC 10% Cap Brows + IWEL_p:240408 Campaign,120207821501690716,n:Prospecting+Remarketing_o:ASC 10% Cap Brows + IWEL_p:240408 Ad set,120207821501770716,a:IWEL_b:Kbodnar-IWEL-ProdApp-9x16-Plum-V1_c:ProdApp_d:_e:Video_f:PDP_g:240901_h:TCCPBCA,120212133534020716,_,fb,Active,Accrual performance,Last non-direct touch,1,422.0700000000001,24162.0,254.0,936.67,13.0,2.219229037837325,6177.0
n:Prospecting+Remarketing_o:ASC 10% Cap Brows + IWEL_p:240408 Campaign,120207821501690716,n:Prospecting+Remarketing_o:ASC 10% Cap Brows + IWEL_p:240408 Ad set,120207821501770716,a:IWEL_b:MHorning-Eyeliner-ProdApp-1080x1350-Lauren-Iterations-NA-RHMConceptualFB-RHM715V1_c:ProdApp_d:_e:Video_f:PDP_g:240124,120207821501900716,_,fb,Paused,Accrual performance,Last non-direct touch,1,12.15,547.0,7.0,40.52,1.0,3.334979423868313,137.0
n:Prospecting+Remarketing_o:ASC 10% Cap Brows + IWEL_p:240408 Campaign,120207821501690716,n:Prospecting+Remarketing_o:ASC 10% Cap Brows + IWEL_p:240408 Ad set,120207821501770716,a:IWEL_b:MRusso-IWEL-Talia-USCA-1x1-V1-US_c:ProdApp_d:_e:Video_f:PDP_g:250723,120230181708410716,_,fb,Paused,Accrual performance,Last non-direct touch,1,0.0,0.0,0.0,0.0,0.0,,0.0
n:Prospecting+Remarketing_o:ASC 10% Cap Brows + IWEL_p:240408 Campaign,120207821501690716,n:Prospecting+Remarketing_o:ASC 10% Cap Brows + IWEL_p:240408 Ad set,120207821501770716,a:IWEL_b:Model-IWEL-ProdShot-ProdApp-1x1-3Shades-Evergreen_c:Model_d:_e:Carousel_f:PDP_g:250521,120226302511210716,_,fb,Paused,Accrual performance,Last non-direct touch,1,0.0,0.0,,0.0,0.0,,
n:Prospecting+Remarketing_o:ASC 10% Cap Brows + IWEL_p:240408 Campaign,120207821501690716,n:Prospecting+Remarketing_o:ASC 10% Cap Brows + IWEL_p:240408 Ad set,120207821501770716,a:IWEL_b:Model-IWEL-ProdShot-ProdApp-1x1-Alondra-Evergreen_c:Model_d:_e:Static_f:PDP_g:250730,120230799523130716,_,fb,Active,Accrual performance,Last non-direct touch,1,173.43,9057.0,139.0,131.48000000000002,4.0,0.7581156662630457,0.0
n:Prospecting+Remarketing_o:ASC 10% Cap Brows + IWEL_p:240408 Campaign,120207821501690716,n:Prospecting+Remarketing_o:ASC 10% Cap Brows + IWEL_p:240408 Ad set,120207821501770716,a:IWEL_b:NoModel-IWEL-ProdAnimation-1x1-Iteration-RHM1270V1_c:ProdAnimation_d:_e:Static_f:PDP_g:250611_h:RHM,120227777674310716,_,fb,Paused,Accrual performance,Last non-direct touch,1,685.0499990000001,35014.0,270.0,207.24,6.0,0.302518064816463,1.0
n:Prospecting+Remarketing_o:ASC 10% Cap Brows + IWEL_p:240408 Campaign,120207821501690716,n:Prospecting+Remarketing_o:ASC 10% Cap Brows + IWEL_p:240408 Ad set,120207821501770716,a:IWEL_b:NoModel-IWEL-ProdShot-1x1-IWELStatics1-RHM1298V2_c:ProdShot_d:_e:Static_f:IWELDuo_g:250716_h:RHM,120229814856440716,_,fb,Active,Accrual performance,Last non-direct touch,1,4.22,297.0,3.0,0.0,0.0,0.0,0.0
n:Prospecting+Remarketing_o:ASC 10% Cap Brows + IWEL_p:240408 Campaign,120207821501690716,n:Prospecting+Remarketing_o:ASC 10% Cap Brows + IWEL_p:240408 Ad set,120207821501770716,a:IWEL_b:NoModel-IWEL-ProdShot-1x1-IWELStatics1-RHM1298V4_c:ProdShot_d:_e:Static_f:IWELDuo_g:250709_h:RHM,120229513718260716,_,fb,Paused,Accrual performance,Last non-direct touch,1,64.910001,2434.0,42.0,25.98,1.0,0.4002464889809507,0.0
n:Prospecting+Remarketing_o:ASC 10% Cap Brows + IWEL_p:240408 Campaign,120207821501690716,n:Prospecting+Remarketing_o:ASC 10% Cap Brows + IWEL_p:240408 Ad set,120207821501770716,a:IWEL_b:SPavlos-Eyeliner-ProdApp-1080x1080+1080x1920-Lauren-MacroApp_c:ProdApp_d:Meet_e:Video_f:PDP_g:220318 - Copy 2,120210534125010716,_,fb,Active,Accrual performance,Last non-direct touch,1,0.81,40.0,3.0,0.0,0.0,0.0,16.0
n:Prospecting+Remarketing_o:ASC 10% Cap Brows + IWEL_p:240408 Campaign,120207821501690716,n:Prospecting+Remarketing_o:ASC 10% Cap Brows + IWEL_p:240408 Ad set,120207821501770716,a:IWEL_b:SPavlos-IWEL-ProdApp-4x5-AllShades-ShadeScroll-B-V1_c:ProdApp_d:_e:Video_f:PDP_g:250221,120217028686120716,_,fb,Active,Accrual performance,Last non-direct touch,1,2801.5299989999994,135142.0,1659.0,1478.8000000000002,34.0,0.5278544225933168,42306.0
n:Prospecting+Remarketing_o:ASC 10% Cap Brows + IWEL_p:240408 Campaign,120207821501690716,n:Prospecting+Remarketing_o:ASC 10% Cap Brows + IWEL_p:240408 Ad set,120207821501770716,a:IWEL_b:TH1514-JoAnn-GoodbyeMessyEyelinerIWEL-Ella-A_c:ProdApp_d:_e:Video_f:PDP_g:250130_h:NRTV,120215668790540716,_,fb,Active,Accrual performance,Last non-direct touch,1,1162.64,51828.0,545.0,690.1,20.0,0.593562925755178,16296.0
n:Prospecting+Remarketing_o:ASC 10% Cap Brows + IWEL_p:240408 Campaign,120207821501690716,n:Prospecting+Remarketing_o:ASC 10% Cap Brows + IWEL_p:240408 Ad set,120207821501770716,a:IWEL_b:TH1572-MultiUGC-MatureWomenIWEL-A-WL-AgelessBeautyTips_c:ProdApp_d:_e:Video_f:PDP_g:250319_h:NRTV,120219236329440716,_,fb,Active,Accrual performance,Last non-direct touch,1,294.24,13209.0,211.0,151.98000000000002,5.0,0.5165171288743882,4072.0
n:Prospecting+Remarketing_o:ASC 10% Cap Brows + IWEL_p:240408 Campaign,120207821501690716,n:Prospecting+Remarketing_o:ASC 10% Cap Brows + IWEL_p:240408 Ad set,120207821501770716,a:MultiProd_b:NoModel-MultiProd-ProdShot-1x1-ProductBestSellers-20offPromo-Evergreen USA-V1_c:ProdShot_d:NewCustomerOffer-20%_e:Static_f:MakeupBestSellers_g:250730,120230799523100716,_,fb,Active,Accrual performance,Last non-direct touch,1,0.65,46.0,0.0,0.0,0.0,0.0,0.0
n:Prospecting+Remarketing_o:ASC 10% Cap Mascara_p:231124 Campaign,120201240657910716,n:Prospecting_o:ASC 10% Cap Mascara_p:231124 Ad set,120201240657920716,a:LLEM_b:SFeher-LLEM-Prod-1080x1080-WaitLookUp._c:ProdApp_d:_e:Video_f:PDP_g:240509_h:TCCP - Copy,120209527701300716,_,fb,Paused,Accrual performance,Last non-direct touch,1,1.4600000000000002,89.0,0.0,0.0,0.0,0.0,26.0
n:Prospecting+Remarketing_o:ASC 10% Cap Mascara_p:231124 Campaign,120201240657910716,n:Prospecting_o:ASC 10% Cap Mascara_p:231124 Ad set,120201240657920716,a:Mascara_b:AElliott-LLEM-ProdApp-1x1-LongLashes-Evergreen-V1_c:ProdApp_d:_e:Video_f:PDP_g:241108 - Previous Top Performer,120213335350250716,_,fb,Active,Accrual performance,Last non-direct touch,1,1569.89,74476.0,727.0,508.75999999999993,14.0,0.324073661211932,20969.0
n:Prospecting+Remarketing_o:ASC 10% Cap Mascara_p:231124 Campaign,120201240657910716,n:Prospecting_o:ASC 10% Cap Mascara_p:231124 Ad set,120201240657920716,a:Mascara_b:FGroh-LLEM-Berry-US-4x5-V2_c:ProdApp_d:BerryCollection_e:Video_f:PDP_g:250702,120229172575460716,_,fb,Paused,Accrual performance,Last non-direct touch,1,0.0,0.0,0.0,0.0,0.0,,0.0
n:Prospecting+Remarketing_o:ASC 10% Cap Mascara_p:231124 Campaign,120201240657910716,n:Prospecting_o:ASC 10% Cap Mascara_p:231124 Ad set,120201240657920716,a:Mascara_b:JKidd-Mascara-ProdApp-1080x1080-WillChangeYourLife_c:ProdApp_d:Getshowstopping_e:Video_f:PDP_g:101921 - Copy 2,120201240804460716,_,fb,Active,Accrual performance,Last non-direct touch,1,2.26,107.0,2.0,0.0,0.0,0.0,24.0
n:Prospecting+Remarketing_o:ASC 10% Cap Mascara_p:231124 Campaign,120201240657910716,n:Prospecting_o:ASC 10% Cap Mascara_p:231124 Ad set,120201240657920716,a:Mascara_b:JSpaven-Mascara-ProdApp-4x5-TestimonialIteration-RHM1241V3_c:ProdApp_d:_e:Video_f:PDP_g:250521_h:RHM,120226301143420716,_,fb,Paused,Accrual performance,Last non-direct touch,1,15.209999999999996,499.0,7.0,0.0,0.0,0.0,221.0
n:Prospecting+Remarketing_o:ASC 10% Cap Mascara_p:231124 Campaign,120201240657910716,n:Prospecting_o:ASC 10% Cap Mascara_p:231124 Ad set,120201240657920716,a:Mascara_b:MCarroll-Mascara-ProdApp-1080x1350-Brynn-CarTestimonial-NA-RHMConceptualFB-CIC-RHM817V1_c:ProdApp_d:_e:Video_f:PDP_g:240505,120210504986420716,_,fb,Active,Accrual performance,Last non-direct touch,1,146.88,5309.0,51.0,88.22999999999999,2.0,0.6006944444444444,2767.0
n:Prospecting+Remarketing_o:ASC 10% Cap Mascara_p:231124 Campaign,120201240657910716,n:Prospecting_o:ASC 10% Cap Mascara_p:231124 Ad set,120201240657920716,a:Mascara_b:MCarroll-Mascara-ProdApp-1080x1350-Brynn-CarTestimonial-NA-RHMConceptualFB-CIC-RHM817V1_c:ProdApp_d:_e:Video_f:PDP_g:240505,120210975794980716,_,fb,Paused,Accrual performance,Last non-direct touch,1,63.43000000000001,2064.0,16.0,0.0,0.0,0.0,1048.0
n:Prospecting+Remarketing_o:ASC 10% Cap Mascara_p:231124 Campaign,120201240657910716,n:Prospecting_o:ASC 10% Cap Mascara_p:231124 Ad set,120201240657920716,a:Mascara_b:MRostamian-Mascara-ProdApp-4x5-BCATestimonial-RHM1324V2_c:ProdApp_d:_e:Video_f:PDP_g:250730_h:RHM,120230799050380716,_,fb,Active,Accrual performance,Last non-direct touch,1,84.08,3994.0,34.0,92.47,2.0,1.0997859181731684,1024.0
n:Prospecting+Remarketing_o:ASC 10% Cap Mascara_p:231124 Campaign,120201240657910716,n:Prospecting_o:ASC 10% Cap Mascara_p:231124 Ad set,120201240657920716,a:Mascara_b:MRostamian-Mascara-ProdApp-4x5-Testimonial-Crystal-RHM1163V1_c:ProdApp_d:_e:Video_f:PDP_g:250305,120218069215870716,_,fb,Paused,Accrual performance,Last non-direct touch,1,0.0,0.0,,0.0,0.0,,
n:Prospecting+Remarketing_o:ASC 10% Cap Mascara_p:231124 Campaign,120201240657910716,n:Prospecting_o:ASC 10% Cap Mascara_p:231124 Ad set,120201240657920716,a:Mascara_b:MRostamian-Mascara-ProdShot-1x1-Question-RHM1209V3_c:ProdShot_d:_e:Static_f:PDP_g:250423_h:RHM,120223427878010716,_,fb,Active,Accrual performance,Last non-direct touch,1,2.99,148.0,2.0,0.0,0.0,0.0,0.0
n:Prospecting+Remarketing_o:ASC 10% Cap Mascara_p:231124 Campaign,120201240657910716,n:Prospecting_o:ASC 10% Cap Mascara_p:231124 Ad set,120201240657920716,a:Mascara_b:MultiModel-Mascara-ProdApp-1080x1350-Brynn-MascaraHack-NA-RHMConceptualFB-DEI-RHM899V1_c:ProdApp_d:_e:Video_f:PDP_g:240626,120210505107310716,_,fb,Active,Accrual performance,Last non-direct touch,1,3.2200000000000006,206.0,2.0,0.0,0.0,0.0,75.0
n:Prospecting+Remarketing_o:ASC 10% Cap Mascara_p:231124 Campaign,120201240657910716,n:Prospecting_o:ASC 10% Cap Mascara_p:231124 Ad set,120201240657920716,a:Mascara_b:MultiModel-Mascara-ProdApp-4x5-MatureExplainerIterations-RHM1289V3_c:ProdApp_d:_e:Video_f:PDP_g:250618_h:RHM,120228329140840716,_,fb,Paused,Accrual performance,Last non-direct touch,1,805.21,36982.0,404.0,164.27,6.0,0.2040088920902621,15308.0
n:Prospecting+Remarketing_o:ASC 10% Cap Mascara_p:231124 Campaign,120201240657910716,n:Prospecting_o:ASC 10% Cap Mascara_p:231124 Ad set,120201240657920716,a:Mascara_b:MultiModel-Mascara-ProdApp-4x5-MatureExplainerIterations-RHM1289V4_c:ProdApp_d:_e:Video_f:PDP_g:250625_h:RHM,120228772047390716,_,fb,Active,Accrual performance,Last non-direct touch,1,1832.97,61360.0,564.0,1269.2399999999998,26.0,0.6924499582644558,22252.0
n:Prospecting+Remarketing_o:ASC 10% Cap Mascara_p:231124 Campaign,120201240657910716,n:Prospecting_o:ASC 10% Cap Mascara_p:231124 Ad set,120201240657920716,a:Mascara_b:NoModel-LLEM-ProdShot-4x5-V2-LLEMHandHoldingHHarris_c:ProdShot_d:LLEMDuo_e:Static_f:MascaraSet_g:250609,120227583990360716,_,fb,Paused,Accrual performance,Last non-direct touch,1,0.0,0.0,0.0,0.0,0.0,,0.0
n:Prospecting+Remarketing_o:ASC 10% Cap Mascara_p:231124 Campaign,120201240657910716,n:Prospecting_o:ASC 10% Cap Mascara_p:231124 Ad set,120201240657920716,a:Mascara_b:NoModel-Mascara-ProdAnimation-1x1-Buy2FreeShip-NA-RHM1222V2_c:ProdAnimation_d:_e:Static_f:PDP_g:250430_h:RHM,120224336566500716,_,fb,Active,Accrual performance,Last non-direct touch,1,1.31,89.0,0.0,0.0,0.0,0.0,0.0
n:Prospecting+Remarketing_o:ASC 10% Cap Mascara_p:231124 Campaign,120201240657910716,n:Prospecting_o:ASC 10% Cap Mascara_p:231124 Ad set,120201240657920716,a:Mascara_b:NoModel-Mascara-ProdShot-1x1-SummerOccasionSeekerLPStatics-NA-RHM1327V4_c:ProdShot_d:_e:Static_f:SummerOccasion-LP_g:250730_h:RHM,120230798503980716,_,fb,Active,Accrual performance,Last non-direct touch,1,26.979999999999997,1907.0,4.0,0.0,0.0,0.0,0.0
n:Prospecting+Remarketing_o:ASC 10% Cap Mascara_p:231124 Campaign,120201240657910716,n:Prospecting_o:ASC 10% Cap Mascara_p:231124 Ad set,120201240657920716,a:Mascara_b:TH1021-D.1H-Emeline-B_c:ProdApp_d:I've never used a mascara like this_e:Video_f:PDP_g:230602_h:NRTV,120208494045990716,_,fb,Active,Accrual performance,Last non-direct touch,1,1246.8300000000002,59747.0,597.0,1486.7499999999998,31.0,1.1924239872316191,11884.0
n:Prospecting+Remarketing_o:ASC 10% Cap Mascara_p:231124 Campaign,120201240657910716,n:Prospecting_o:ASC 10% Cap Mascara_p:231124 Ad set,120201240657920716,a:Mascara_b:TH1270-Emeline-Mascara-LLEM-A_c:ProdApp_d:I'm so glad I finally tried_e:Video_f:PDP_g:240307_h:NRTV - Previous Top Performer,120209257193760716,_,fb,Paused,Accrual performance,Last non-direct touch,1,0.0,0.0,,0.0,0.0,,
n:Prospecting+Remarketing_o:ASC 10% Cap Mascara_p:231124 Campaign,120201240657910716,n:Prospecting_o:ASC 10% Cap Mascara_p:231124 Ad set,120201240657920716,a:Mascara_b:TH533.10O-MultiUGC-Mascara-LLEM-C_c:ProdApp_d:I'm so glad I finally tried_e:Video_f:PDP_g:240319_h:NRTV-Ageless Beauty Tips - Previous Top Performer,120211162933990716,_,fb,Paused,Accrual performance,Last non-direct touch,1,1109.73,50912.0,1000.0,864.4299999999998,20.0,0.7789552413650165,16426.0
n:Prospecting+Remarketing_o:ASC 10% Cap Mascara_p:231124 Campaign,120201240657910716,n:Prospecting_o:ASC 10% Cap Mascara_p:231124 Ad set,120201240657920716,a:Mascara_b:TH533.12O-MultiUGC-LLEMMascara-B_c:ProdApp_d:I'm so glad I finally tried_e:Video_f:PDP_g:240917_h:NRTV,120212114122770716,_,fb,Active,Accrual performance,Last non-direct touch,1,3090.770001,201830.0,1162.0,1283.2399999999998,41.0,0.4151845655240653,55049.0
n:Prospecting+Remarketing_o:ASC 10% Cap Mascara_p:231124 Campaign,120201240657910716,n:Prospecting_o:ASC 10% Cap Mascara_p:231124 Ad set,120201240657920716,a:Mascara_b:TH533.14O-MultiUGC-MascaraLLEM-B-WL-QuickMakeupHacks_c:ProdApp_d:_e:Video_f:PDP_g:250221_h:NRTV,120217028664450716,_,fb,Paused,Accrual performance,Last non-direct touch,1,0.0,0.0,,0.0,0.0,,
n:Prospecting+Remarketing_o:ASC 10% Cap Mascara_p:231124 Campaign,120201240657910716,n:Prospecting_o:ASC 10% Cap Mascara_p:231124 Ad set,120201240657920716,"a:Mascara_b:TH593-TH565Refresh-Suzana-Mascara-CommentBox-UGC-DEI-B_c:ProdApp_d:""I'm in shock""_e:Video_f:PDP_g:021622_h:NRTV-Core",120210534044490716,_,fb,Active,Accrual performance,Last non-direct touch,1,2958.23,178893.0,1343.0,1308.4699999999998,41.0,0.4423151681917902,37127.0
n:Prospecting+Remarketing_o:ASC 10% Cap Mascara_p:231124 Campaign,120201240657910716,n:Prospecting_o:ASC 10% Cap Mascara_p:231124 Ad set,120201240657920716,a:Mascara_b:TPerez-Mascara-ProdApp-1080x1080-Brynn-Buy2FreeShip-RHMConceptualFB_c:ProdShot_d:Are those_e:Static_f:MascaraSet_g:220622,120201240804430716,_,fb,Active,Accrual performance,Last non-direct touch,1,3857.080001,269731.0,1279.0,4003.58,71.0,1.0379821001799334,0.0
n:Prospecting+Remarketing_o:ASC 10% Cap Mascara_p:231124 Campaign,120201240657910716,n:Prospecting_o:ASC 10% Cap Mascara_p:231124 Ad set,120201240657920716,a:MultiProd_b:MRusso-MultiProd-Webscroll-4x5-MatureEvergreen-V1_c:Webscroll_d:_e:Video_f:BestSellers_g:250221,120217034327200716,_,fb,Active,Accrual performance,Last non-direct touch,1,449.55999999999995,17073.0,296.0,566.8,10.0,1.2607883263635555,4271.0
n:Prospecting+Remarketing_o:ASC 20% Cap 5/24-5/26 Memorial Day GWP + Free Shipping Promo_p:250524,120226406609270716,n:Prospecting+Remarketing_o:ASC 20% Cap 5/24-26 Memorial Day GWP + Free Shipping Promo_p:250524 Ad set,120226406609250716,a:MultiProd_b:NoModel-MutliProd-BRoll-4x5-GWP-V1-US_c:ProdShot_d:MemorialDayPromo_e:Video_f:MakeupBestSellers_g:250524,120226531721240716,_,fb,Active,Accrual performance,Last non-direct touch,1,0.0,0.0,,0.0,0.0,,
n:Prospecting+Remarketing_o:ASC 30% Cap 1/18-1/20 BOGO 40% Off Promo_p:250118 Campaign,120215128687720716,n:Prospecting+Remarketing_o:ASC 30% Cap 1/18-1/20 BOGO 40% Off Promo_p:240118 Ad set,120215128687700716,a:MultiProd_b:NoModel-Multi.Products-ProdShot-1x1-BOGO40 OffPromoStaticPSAAsset_c:ProdShot_d:_e:Static_f:BestSellers_g:241227,120215128687830716,_,fb,Active,Accrual performance,Last non-direct touch,1,0.0,0.0,,0.0,0.0,,
n:Prospecting+Remarketing_o:ASC 30% Cap BEB_p:250102 Campaign,120214615165750716,n:Prospecting+Remarketing_o:ASC 30% Cap BEB_p:250102 Ad set,120214615165760716,a:BEB_b:BEB-ProdApp-4x5-MattesTestimonialBCA-RHM1219V1_c:ProdApp_d:_e:Video_f:PDP_g:250723_h:RHM,120230181983980716,_,fb,Active,Accrual performance,Last non-direct touch,1,87.53,3624.0,39.0,159.8,1.0,1.825659773791843,905.0
n:Prospecting+Remarketing_o:ASC 30% Cap BEB_p:250102 Campaign,120214615165750716,n:Prospecting+Remarketing_o:ASC 30% Cap BEB_p:250102 Ad set,120214615165760716,a:BEB_b:BWest-BEB-ProdApp-4x5-PinAdapt-RHM1319V2_c:ProdApp_d:_e:Video_f:BEBDuo_g:250723_h:RHM,120230179587530716,_,fb,Active,Accrual performance,Last non-direct touch,1,6.57,233.0,2.0,0.0,0.0,0.0,25.0
n:Prospecting+Remarketing_o:ASC 30% Cap BEB_p:250102 Campaign,120214615165750716,n:Prospecting+Remarketing_o:ASC 30% Cap BEB_p:250102 Ad set,120214615165760716,a:BEB_b:CDill-BEB-ProdApp-1x1-Muna-V1-US_c:ProdApp_d:Recreate_e:Video_f:PDP_g:250730,120230798874220716,_,fb,Active,Accrual performance,Last non-direct touch,1,18.86,509.0,9.0,0.0,0.0,0.0,103.0
n:Prospecting+Remarketing_o:ASC 30% Cap BEB_p:250102 Campaign,120214615165750716,n:Prospecting+Remarketing_o:ASC 30% Cap BEB_p:250102 Ad set,120214615165760716,a:BEB_b:CMaldonado-BEB-ProdApp-1080x1350-NA-RoboVO-RHMConceptualFB-DEI-CEC-RHM216V2_c:ProdApp_d:_e:Video_f:PDP_g:250312,120218689091640716,_,fb,Active,Accrual performance,Last non-direct touch,1,720.0799999999999,20194.0,278.0,907.01,15.0,1.2595961559826687,5382.0
n:Prospecting+Remarketing_o:ASC 30% Cap BEB_p:250102 Campaign,120214615165750716,n:Prospecting+Remarketing_o:ASC 30% Cap BEB_p:250102 Ad set,120214615165760716,a:BEB_b:CMazzucco-BEB-ProdApp-4x5-BCATestimonialIteration-RHM1199V1_c:ProdApp_d:_e:Video_f:BEBDuo_g:250723_h:RHM,120230181983990716,_,fb,Active,Accrual performance,Last non-direct touch,1,36.41,1645.0,13.0,0.0,0.0,0.0,293.0
n:Prospecting+Remarketing_o:ASC 30% Cap BEB_p:250102 Campaign,120214615165750716,n:Prospecting+Remarketing_o:ASC 30% Cap BEB_p:250102 Ad set,120214615165760716,a:BEB_b:CMazzucco-BEB-ProdApp-4x5-EyeEnhancingBCAIterations-Lori-RHM1287V2_c:ProdApp_d:_e:Video_f:BEBDuo_g:250618_h:RHM,120228329552030716,_,fb,Active,Accrual performance,Last non-direct touch,1,0.71,55.0,0.0,0.0,0.0,0.0,4.0
n:Prospecting+Remarketing_o:ASC 30% Cap BEB_p:250102 Campaign,120214615165750716,n:Prospecting+Remarketing_o:ASC 30% Cap BEB_p:250102 Ad set,120214615165760716,a:BEB_b:CMazzucco-BEB-ProdApp-4x5-EyeEnhancingBCAIterations-Lori-RHM1287V2_c:ProdApp_d:_e:Video_f:BEBDuo_g:250723_h:RHM,120230181984010716,_,fb,Active,Accrual performance,Last non-direct touch,1,2.8100000000000005,34.0,0.0,0.0,0.0,0.0,2.0
n:Prospecting+Remarketing_o:ASC 30% Cap BEB_p:250102 Campaign,120214615165750716,n:Prospecting+Remarketing_o:ASC 30% Cap BEB_p:250102 Ad set,120214615165760716,a:BEB_b:CMazzucco-BEB-ProdApp-4x5-EyeEnhancingLaunchLoriBCA-Lori-RHM1232V3_c:ProdApp_d:BEBEyeEnhancing_e:Video_f:PDP_g:250514_h:RHM,120225701820130716,_,fb,Paused,Accrual performance,Last non-direct touch,1,1170.01,36400.0,342.0,799.94,14.0,0.6837035580892471,7020.0
n:Prospecting+Remarketing_o:ASC 30% Cap BEB_p:250102 Campaign,120214615165750716,n:Prospecting+Remarketing_o:ASC 30% Cap BEB_p:250102 Ad set,120214615165760716,a:BEB_b:CMazzucco-BEB-ProdApp-4x5-MultiShadeBCA-RHM1309V2_c:ProdApp_d:_e:_f:PDP_g:250716_h:RHM,120229814563830716,_,fb,Paused,Accrual performance,Last non-direct touch,1,37.330000000000005,2182.0,19.0,0.0,0.0,0.0,394.0
n:Prospecting+Remarketing_o:ASC 30% Cap BEB_p:250102 Campaign,120214615165750716,n:Prospecting+Remarketing_o:ASC 30% Cap BEB_p:250102 Ad set,120214615165760716,a:BEB_b:JKidd-BEB-ProdApp-1080x1080-NA-SummerIterations-RHMConceptualFB-RHM469V1 R001b_c:ProdApp_d:_e:Video_f:BEBDuo_g:250711,120229595027890716,_,fb,Paused,Accrual performance,Last non-direct touch,1,,,0.0,,,,0.0
n:Prospecting+Remarketing_o:ASC 30% Cap BEB_p:250102 Campaign,120214615165750716,n:Prospecting+Remarketing_o:ASC 30% Cap BEB_p:250102 Ad set,120214615165760716,a:BEB_b:KBodnar-BEB-Shenna-4x5-US-V2_c:ProdApp_d:_e:Video_f:PDP_g:250723,120230181984040716,_,fb,Paused,Accrual performance,Last non-direct touch,1,,,0.0,,,,0.0
n:Prospecting+Remarketing_o:ASC 30% Cap BEB_p:250102 Campaign,120214615165750716,n:Prospecting+Remarketing_o:ASC 30% Cap BEB_p:250102 Ad set,120214615165760716,a:BEB_b:MultiModel-BEB-Static-1x1-Trish-ShadeGrid_c:ProdShot_d:_e:Static_f:PDP_g:250430,120224347320960716,_,fb,Paused,Accrual performance,Last non-direct touch,1,0.0,0.0,,0.0,0.0,,
n:Prospecting+Remarketing_o:ASC 30% Cap BEB_p:250102 Campaign,120214615165750716,n:Prospecting+Remarketing_o:ASC 30% Cap BEB_p:250102 Ad set,120214615165760716,a:BEB_b:NTamayo-BEB-ProdApp-4x5-Enhancing2-V2_c:ProdApp_d:EyeEnhancing_e:Video_f:PDP_g:250709,120229513965990716,_,fb,Active,Accrual performance,Last non-direct touch,1,3172.1500000000005,111415.0,1269.0,3199.42,59.0,1.0085966930945889,30904.0
n:Prospecting+Remarketing_o:ASC 30% Cap BEB_p:250102 Campaign,120214615165750716,n:Prospecting+Remarketing_o:ASC 30% Cap BEB_p:250102 Ad set,120214615165760716,a:BEB_b:NoModel-BEB-ProdAnimation-1x1-ShadeScale-RHM1226V4_c:ProdAnimation_d:_e:Static_f:PDP_g:250723_h:RHM,120230181984030716,_,fb,Active,Accrual performance,Last non-direct touch,1,632.489998,16395.0,209.0,1107.31,15.0,1.7507154318667977,7.0
n:Prospecting+Remarketing_o:ASC 30% Cap BEB_p:250102 Campaign,120214615165750716,n:Prospecting+Remarketing_o:ASC 30% Cap BEB_p:250102 Ad set,120214615165760716,a:BEB_b:NoModel-BEB-ProdShot-1080x1080+1080x1920-SmartlyTest_c:ProdShot_d:Transform_e:Static_f:BEB Duo_g:250312,120218689605000716,_,fb,Active,Accrual performance,Last non-direct touch,1,435.41,21302.0,240.0,953.04,11.0,2.188833513240394,0.0
n:Prospecting+Remarketing_o:ASC 30% Cap BEB_p:250102 Campaign,120214615165750716,n:Prospecting+Remarketing_o:ASC 30% Cap BEB_p:250102 Ad set,120214615165760716,a:BEB_b:NoModel-BEB-ProdShot-1080x1080-NA-ShadeQuizUrgency-RHMConceptualFB-RHM254V1_c:ProdShot_d:_e:Static_f:PDP_g:250312,120218689419350716,_,fb,Active,Accrual performance,Last non-direct touch,1,397.5500010000002,16447.0,131.0,518.88,10.0,1.3051943118973852,0.0
n:Prospecting+Remarketing_o:ASC 30% Cap BEB_p:250102 Campaign,120214615165750716,n:Prospecting+Remarketing_o:ASC 30% Cap BEB_p:250102 Ad set,120214615165760716,a:BEB_b:NoModel-BEB-ProdShot-1080x1350-NA-PostItStatics-NA-RHMConceptualFB-RHM818V2_c:ProdShot_d:_e:Static_f:BEBDuo_g:250723,120230181984000716,_,fb,Paused,Accrual performance,Last non-direct touch,1,1520.679999,66000.0,378.0,1673.1099999999997,24.0,1.1002380521215758,0.0
n:Prospecting+Remarketing_o:ASC 30% Cap BEB_p:250102 Campaign,120214615165750716,n:Prospecting+Remarketing_o:ASC 30% Cap BEB_p:250102 Ad set,120214615165760716,a:BEB_b:NoModel-BEB-ProdShot-1x1-2for8Static-RHM1092V1_c:ProdShot_d:_e:Static_f:PDP_g:250312,120218688735880716,_,fb,Active,Accrual performance,Last non-direct touch,1,869.96,26894.0,286.0,1669.4699999999998,22.0,1.9190192652535745,0.0
n:Prospecting+Remarketing_o:ASC 30% Cap BEB_p:250102 Campaign,120214615165750716,n:Prospecting+Remarketing_o:ASC 30% Cap BEB_p:250102 Ad set,120214615165760716,a:BEB_b:NoModel-BEB-ProdShot-1x1-CADPersonaStatics-RHM1206V4_c:ProdShot_d:_e:Static_f:PDP_g:250723_h:RHM,120230181984020716,_,fb,Active,Accrual performance,Last non-direct touch,1,2693.150001,82965.0,1510.0,3697.47,50.0,1.3729164727650087,0.0
n:Prospecting+Remarketing_o:ASC 30% Cap BEB_p:250102 Campaign,120214615165750716,n:Prospecting+Remarketing_o:ASC 30% Cap BEB_p:250102 Ad set,120214615165760716,a:BEB_b:SPavlos-BEB-ProdApp-1x1-Lauren-MatteLaunch_c:ProdApp_d:NEWMatteShades_e:Video_f:PDP_g:250711,120229593965670716,_,fb,Paused,Accrual performance,Last non-direct touch,1,141.0,8269.0,75.0,0.0,0.0,0.0,2227.0
n:Prospecting+Remarketing_o:ASC 30% Cap BEB_p:250102 Campaign,120214615165750716,n:Prospecting+Remarketing_o:ASC 30% Cap BEB_p:250102 Ad set,120214615165760716,a:BEB_b:SPavlos-BEB-ProdApp-4x5-Marylin-BIS_c:ProdApp_d:_e:Video_f:PDP_g:250326,120219983774190716,_,fb,Paused,Accrual performance,Last non-direct touch,1,500.41,18187.0,227.0,363.9299999999999,7.0,0.727263643812074,5886.0
n:Prospecting+Remarketing_o:ASC 30% Cap BEB_p:250102 Campaign,120214615165750716,n:Prospecting+Remarketing_o:ASC 30% Cap BEB_p:250102 Ad set,120214615165760716,a:BEB_b:SPavlos-BEB-ProdApp-Regular-GridMacro_c:ProdApp_d:_e:Video_f:PDP_g:250312,120218688670200716,_,fb,Active,Accrual performance,Last non-direct touch,1,904.64,32749.0,383.0,827.6500000000002,11.0,0.9148943226034664,11073.0
n:Prospecting+Remarketing_o:ASC 30% Cap BEB_p:250102 Campaign,120214615165750716,n:Prospecting+Remarketing_o:ASC 30% Cap BEB_p:250102 Ad set,120214615165760716,a:BEB_b:TH1347.6O-Clare-PerfectForSummerBEB-Muna-BCA-B_c:ProdApp_d:_e:Video_f:PDP_g:250312_h:NRTV,120218688581730716,_,fb,Active,Accrual performance,Last non-direct touch,1,1397.6199989999998,46517.0,707.0,2050.42,36.0,1.467079750910176,15003.0
n:Prospecting+Remarketing_o:ASC 30% Cap BEB_p:250102 Campaign,120214615165750716,n:Prospecting+Remarketing_o:ASC 30% Cap BEB_p:250102 Ad set,120214615165760716,a:BEB_b:TH1539-Etana-ReplyToCommentBEB-Pili-A-WL-QuickMakeupHacks_c:ProdApp_d:_e:Video_f:PDP_g:250723_h:NRTV,120230181983970716,_,fb,Paused,Accrual performance,Last non-direct touch,1,59.37,2718.0,42.0,0.0,0.0,0.0,607.0
n:Prospecting+Remarketing_o:ASC 30% Cap BEB_p:250102 Campaign,120214615165750716,n:Prospecting+Remarketing_o:ASC 30% Cap BEB_p:250102 Ad set,120214615165760716,a:BEB_b:TH1609-Allison-MatureWomenBEB-Anise-C_c:ProdApp_d:_e:Video_f:PDP_g:250618_h:NRTV2025,120228328049900716,_,fb,Active,Accrual performance,Last non-direct touch,1,72.15999999999998,4285.0,45.0,0.0,0.0,0.0,709.0
n:Prospecting+Remarketing_o:ASC 30% Cap Sets_p:250405 Campaign,120220965537890716,n:Prospecting+Remarketing_o:ASC 30% Cap Sets_p:250405 Ad set,120220965537900716,a:BEB+IWEL+LipTint+Mascara_b:HJones-BEB+IWEL+LipTint+Mascara-ProdApp-4x5-RIFBundleBCATestimonial-RHM1312V2_c:ProdApp_d:_e:Video_f:PDP_g:250723_h:RHM,120230178749220716,_,fb,Paused,Accrual performance,Last non-direct touch,1,,,0.0,,,,0.0
n:Prospecting+Remarketing_o:ASC 30% Cap Sets_p:250405 Campaign,120220965537890716,n:Prospecting+Remarketing_o:ASC 30% Cap Sets_p:250405 Ad set,120220965537900716,a:BEB+IWEL+LipTint+Mascara_b:HJones-BEB+IWEL+LipTint+stimonial-RHMMascara-ProdApp-4x5-RIFBundleBCATe1312V3_c:ProdApp_d:_e:Video_f:PDP_g:250730_h:RHM,120230798599730716,_,fb,Active,Accrual performance,Last non-direct touch,1,41.26,1763.0,37.0,42.8,1.0,1.037324285021813,497.0
n:Prospecting+Remarketing_o:ASC 30% Cap Sets_p:250405 Campaign,120220965537890716,n:Prospecting+Remarketing_o:ASC 30% Cap Sets_p:250405 Ad set,120220965537900716,a:BEB+IWEL+LipTint+Mascara_b:HJones-BEB+IWEL+LipTint+stimonial-RHMMascara-ProdApp-4x5-RIFBundleBCATe1312V4_c:ProdApp_d:_e:Video_f:PDP_g:250723_h:RHM,120230178749230716,_,fb,Paused,Accrual performance,Last non-direct touch,1,132.97,5282.0,105.0,23.92,1.0,0.1798902007971723,1506.0
n:Prospecting+Remarketing_o:ASC 30% Cap Sets_p:250405 Campaign,120220965537890716,n:Prospecting+Remarketing_o:ASC 30% Cap Sets_p:250405 Ad set,120220965537900716,a:BEB+IWEL+Mascara_b:BEB+IWEL+Mascara-ProdShot-1x1-OnTheGoLPStaticsScales1-RHM1284V1_c:ProdShot_d:_e:Static_f:3-Step Signature_g:250625_h:RHM,120228767482260716,_,fb,Active,Accrual performance,Last non-direct touch,1,1004.220003,38875.0,339.0,1109.49,15.0,1.1048276241117656,0.0
n:Prospecting+Remarketing_o:ASC 30% Cap Sets_p:250405 Campaign,120220965537890716,n:Prospecting+Remarketing_o:ASC 30% Cap Sets_p:250405 Ad set,120220965537900716,a:BEB+IWEL+Mascara_b:BEB+IWEL+Mascara-ProdShot-1x1-OnTheGoStaticsScales2-RHM1285V1_c:ProdShot_d:_e:Static_f:3-Step Signature-LP_g:250625_h:RHM,120228767090630716,_,fb,Active,Accrual performance,Last non-direct touch,1,33.96,1575.0,25.0,0.0,0.0,0.0,0.0
n:Prospecting+Remarketing_o:ASC 30% Cap Sets_p:250405 Campaign,120220965537890716,n:Prospecting+Remarketing_o:ASC 30% Cap Sets_p:250405 Ad set,120220965537900716,a:BEB+IWEL+Mascara_b:HJones-BEB+IWEL+Mascara-ProdApp-4x5-3SSEBundleBCATestimonial-RHM1302V1_c:ProdApp_d:_e:Video_f:PDP_g:250716_h:RHM,120229814887980716,_,fb,Active,Accrual performance,Last non-direct touch,1,1677.7600000000004,65150.0,890.0,2623.8100000000004,33.0,1.5638768357810413,13350.0
n:Prospecting+Remarketing_o:ASC 30% Cap Sets_p:250405 Campaign,120220965537890716,n:Prospecting+Remarketing_o:ASC 30% Cap Sets_p:250405 Ad set,120220965537900716,a:BEB+IWEL+Mascara_b:HJones-BEB+IWEL+Mascara-ProdApp-4x5-3SSEBundleBCATestimonial-RHM1302V2_c:ProdApp_d:_e:Video_f:PDP_g:250709_h:RHM,120229513737850716,_,fb,Active,Accrual performance,Last non-direct touch,1,1140.6,33596.0,534.0,989.02,14.0,0.8671050324390672,10839.0
n:Prospecting+Remarketing_o:ASC 30% Cap Sets_p:250405 Campaign,120220965537890716,n:Prospecting+Remarketing_o:ASC 30% Cap Sets_p:250405 Ad set,120220965537900716,a:BEB+IWEL+Mascara_b:MHorning-BEB+IWEL+Mascara-ProdApp-4x5-3StepSignatureEyeEVGBundle-RHM1273V3_c:ProdApp_d:_e:Video_f:PDP_g:250625_h:RHM,120228772374890716,_,fb,Active,Accrual performance,Last non-direct touch,1,1580.99,44730.0,796.0,1255.92,22.0,0.7943883263018741,14584.0
n:Prospecting+Remarketing_o:ASC 30% Cap Sets_p:250405 Campaign,120220965537890716,n:Prospecting+Remarketing_o:ASC 30% Cap Sets_p:250405 Ad set,120220965537900716,a:BEB+IWEL+Mascara_b:MHorning-BEB+IWEL+Mascara-ProdApp-4x5-3StepSignatureEyeEVGBundle-RHM1273V4_c:ProdApp_d:_e:Video_f:PDP_g:250625_h:RHM,120228772374880716,_,fb,Paused,Accrual performance,Last non-direct touch,1,0.0,0.0,,0.0,0.0,,
n:Prospecting+Remarketing_o:ASC 30% Cap Sets_p:250405 Campaign,120220965537890716,n:Prospecting+Remarketing_o:ASC 30% Cap Sets_p:250405 Ad set,120220965537900716,a:BEB+IWEL+Mascara_b:NoModel-BEB+IWEL+Mascara-ProdApp-1x1-3StepSignatureEyeLPSocialProof-RHM1267V4_c:ProdApp_d:_e:Static_f:Busy Moms-LP_g:250618_h:RHM,120228328989020716,_,fb,Active,Accrual performance,Last non-direct touch,1,2.1599999999999997,115.0,0.0,0.0,0.0,0.0,0.0
n:Prospecting+Remarketing_o:ASC 30% Cap Sets_p:250405 Campaign,120220965537890716,n:Prospecting+Remarketing_o:ASC 30% Cap Sets_p:250405 Ad set,120220965537900716,a:BEB+IWEL+Mascara_b:NoModel-BEB+IWEL+Mascara-ProdShot-1x1-3StepSignatureEyeLPAssorted-RHM1266V3_c:ProdShot_d:_e:Static_f:Busy Moms-LP_g:250625_h:RHM,120228771283460716,_,fb,Active,Accrual performance,Last non-direct touch,1,7.07,354.0,3.0,0.0,0.0,0.0,0.0
n:Prospecting+Remarketing_o:ASC 30% Cap Sets_p:250405 Campaign,120220965537890716,n:Prospecting+Remarketing_o:ASC 30% Cap Sets_p:250405 Ad set,120220965537900716,a:BEB_b:BEB-ProdApp-4x5-MattesTestimonialBCA-RHM1219V1_c:ProdApp_d:_e:Video_f:BEBDuo_g:250514_h:RHM,120225701589540716,_,fb,Active,Accrual performance,Last non-direct touch,1,650.9299999999998,30995.0,457.0,1100.44,19.0,1.6905658058470194,9263.0
n:Prospecting+Remarketing_o:ASC 30% Cap Sets_p:250405 Campaign,120220965537890716,n:Prospecting+Remarketing_o:ASC 30% Cap Sets_p:250405 Ad set,120220965537900716,a:BUEB+BUEBPowder_b:DOBrian-BUEBCorrector+BUEBPowder-ProdApp-4x5-CorrectorPowderLaunch-RHM1256V4_c:ProdApp_d:_e:Video_f:BUEBDuoSet_g:250611_h:RHM,120227777826510716,_,fb,Paused,Accrual performance,Last non-direct touch,1,0.0,0.0,0.0,0.0,0.0,,0.0
n:Prospecting+Remarketing_o:ASC 30% Cap Sets_p:250405 Campaign,120220965537890716,n:Prospecting+Remarketing_o:ASC 30% Cap Sets_p:250405 Ad set,120220965537900716,a:BUEB+BUEBPowder_b:DOBrian-BUEBCorrector+BUEBPowder-ProdApp-4x5-CorrectorPowderLaunch-RHM1256V4_c:ProdApp_d:_e:Video_f:BUEBDuoSet_g:250618_h:RHM,120228329321350716,_,fb,Paused,Accrual performance,Last non-direct touch,1,8.47,191.0,9.0,0.0,0.0,0.0,44.0
n:Prospecting+Remarketing_o:ASC 30% Cap Sets_p:250405 Campaign,120220965537890716,n:Prospecting+Remarketing_o:ASC 30% Cap Sets_p:250405 Ad set,120220965537900716,a:BUEB+BUEBPowder_b:LKeisling-BEB-ProdAp-4x5-BUEB-V2_c:ProdApp_d:_e:Video_f:BUEBDuo_g:250618,120228327797360716,_,fb,Paused,Accrual performance,Last non-direct touch,1,0.0,0.0,0.0,0.0,0.0,,0.0
n:Prospecting+Remarketing_o:ASC 30% Cap Sets_p:250405 Campaign,120220965537890716,n:Prospecting+Remarketing_o:ASC 30% Cap Sets_p:250405 Ad set,120220965537900716,a:BUEB+BUEBPowder_b:TLanford-BUEBCorrector+BUEBPowder-ProdApp-4x5-BUEBCorrectorPowderLaunch-RHM1247V4_c:ProdApp_d:_e:Video_f:BUEBDuoSet_g:250611_h:RHM,120227778977480716,_,fb,Paused,Accrual performance,Last non-direct touch,1,490.57,16318.0,302.0,464.4,5.0,0.946653892410869,3897.0
n:Prospecting+Remarketing_o:ASC 30% Cap Sets_p:250405 Campaign,120220965537890716,n:Prospecting+Remarketing_o:ASC 30% Cap Sets_p:250405 Ad set,120220965537900716,a:BrowGel+BrowLiner_b:-BrowGel+BrowLiner--1x1-TotalBrowMakeoverEVGBundle-RHM1269V4_c:_d:_e:Static_f:PDP_g:250604_h:RHM,120227256779460716,_,fb,Paused,Accrual performance,Last non-direct touch,1,58.64000000000001,2320.0,22.0,92.76,2.0,1.5818553888130964,0.0
n:Prospecting+Remarketing_o:ASC 30% Cap Sets_p:250405 Campaign,120220965537890716,n:Prospecting+Remarketing_o:ASC 30% Cap Sets_p:250405 Ad set,120220965537900716,a:BrowGel+IWEL+Mascara_b:LKiesling Brow Gel-IWEL-LLEM-4x5-V1_c:ProdApp_d:BrowGel+Eyeliner+MascaraSet_e:Video_f:PDP_g:250423,120223422233340716,_,fb,Active,Accrual performance,Last non-direct touch,1,351.81000000000006,16920.0,176.0,399.23,9.0,1.134788664335863,2560.0
n:Prospecting+Remarketing_o:ASC 30% Cap Sets_p:250405 Campaign,120220965537890716,n:Prospecting+Remarketing_o:ASC 30% Cap Sets_p:250405 Ad set,120220965537900716,a:BrowGel+IWEL+Mascara_b:LKiesling Brow Gel-IWEL-LLEM-4x5-V2_c:ProdApp_d:BrowGel+Eyeliner+MascaraSet_e:Video_f:PDP_g:250416,120222979396150716,_,fb,Active,Accrual performance,Last non-direct touch,1,221.0,8923.0,131.0,313.65,5.0,1.4192307692307693,1760.0
n:Prospecting+Remarketing_o:ASC 30% Cap Sets_p:250405 Campaign,120220965537890716,n:Prospecting+Remarketing_o:ASC 30% Cap Sets_p:250405 Ad set,120220965537900716,a:BrowGel+IWEL+Mascara_b:LKiesling Brow Gel-IWEL-LLEM-4x5-V3_c:ProdApp_d:BrowGel+Eyeliner+MascaraSet_e:Video_f:PDP_g:250416,120222979396160716,_,fb,Active,Accrual performance,Last non-direct touch,1,196.55000000000007,8332.0,138.0,497.4899999999999,6.0,2.531111676418213,2314.0
n:Prospecting+Remarketing_o:ASC 30% Cap Sets_p:250405 Campaign,120220965537890716,n:Prospecting+Remarketing_o:ASC 30% Cap Sets_p:250405 Ad set,120220965537900716,a:LipTint+Lipliner_b:SSingh-MultiProd-ProdApp-4x5-Bundle-V2A_c:ProdApp_d:_e:Video_f:PDP_g:250528,120226836947320716,_,fb,Active,Accrual performance,Last non-direct touch,1,1.01,44.0,1.0,0.0,0.0,0.0,15.0
n:Prospecting+Remarketing_o:ASC 30% Cap Sets_p:250405 Campaign,120220965537890716,n:Prospecting+Remarketing_o:ASC 30% Cap Sets_p:250405 Ad set,120220965537900716,a:Mascara+Empowermatte_b:FGroh-MultiProd-ProdApp-4x5-BerryTown-V1-US_c:ProdApp_d:BerryCollection_e:Video_f:PDP_g:250702,120229173750370716,_,fb,Paused,Accrual performance,Last non-direct touch,1,1670.990004,123532.0,937.0,905.54,25.0,0.5419182627258851,38007.0
n:Prospecting+Remarketing_o:ASC 30% Cap Sets_p:250405 Campaign,120220965537890716,n:Prospecting+Remarketing_o:ASC 30% Cap Sets_p:250405 Ad set,120220965537900716,a:Mascara+Empowermatte_b:FGroh-MultiProd-ProdApp-4x5-BerryTown-V2-US_c:ProdApp_d:BerryCollection_e:Video_f:PDP_g:250702,120229173750360716,_,fb,Paused,Accrual performance,Last non-direct touch,1,2988.6499999999996,272287.0,1954.0,895.1000000000001,23.0,0.2994997741455172,61241.0
n:Prospecting+Remarketing_o:ASC 30% Cap Sets_p:250405 Campaign,120220965537890716,n:Prospecting+Remarketing_o:ASC 30% Cap Sets_p:250405 Ad set,120220965537900716,a:Mascara+IWEL+BrowGel_b:NoModel-MultiProd-Prodshot-4x5-CompleteEyeTrans_c:ProdShot_d:_e:Static_f:PDP_g:250528,120226836757680716,_,fb,Active,Accrual performance,Last non-direct touch,1,3.23,216.0,3.0,60.55,1.0,18.74613003095975,0.0
n:Prospecting+Remarketing_o:ASC 30% Cap Sets_p:250405 Campaign,120220965537890716,n:Prospecting+Remarketing_o:ASC 30% Cap Sets_p:250405 Ad set,120220965537900716,a:MultiProd_b:NoModel-MultiProd-ProdShot-1x1-ProductBestSellers-20offPromo-Evergreen USA-V1_c:ProdShot_d:NewCustomerOffer-20%_e:Static_f:MakeupBestSellers_g:250730,120230799469500716,_,fb,Paused,Accrual performance,Last non-direct touch,1,22.84999999999999,1176.0,7.0,0.0,0.0,0.0,0.0
n:Prospecting+Remarketing_o:ASC 30% Cap Sets_p:250405 Campaign,120220965537890716,n:Prospecting+Remarketing_o:ASC 30% Cap Sets_p:250405 Ad set,120220965537900716,a:MultiProd_b:NoModel-MultiProd-ProdShot-1x1-ProductBestSellers-20offPromo-Evergreen USA-V2_c:ProdShot_d:NewCustomerOffer-20%_e:Static_f:MakeupBestSellers_g:250730,120230799469510716,_,fb,Paused,Accrual performance,Last non-direct touch,1,5.839999999999999,281.0,3.0,0.0,0.0,0.0,0.0
n:Prospecting+Remarketing_o:ASC 30% Cap Sets_p:250405 Campaign,120220965537890716,n:Prospecting+Remarketing_o:ASC 30% Cap Sets_p:250405 Ad set,120220965537900716,a:MultiProd_b:NoModel-MultiProd-ProdShot-1x1-ProductShelfie-20offPromo-Evergreen_USA_c:ProdShot_d:NewCustomerOffer-20%_e:Static_f:MakeupBestSellers_g:250730,120230799469490716,_,fb,Active,Accrual performance,Last non-direct touch,1,1.6100000000000003,175.0,3.0,0.0,0.0,0.0,0.0
n:Prospecting+Remarketing_o:ASC 30% Cap Sets_p:250405 Campaign,120220965537890716,n:Prospecting+Remarketing_o:ASC 30% Cap Sets_p:250405 Ad set,120220965537900716,a:MultiProd_b:NoModel-MultiProduct-ProdShot-4x5-BerryCollection-V2-US_c:ProdShot_d:BerryCollection_e:Video_f:BerryCollection_g:250730,120230799469480716,_,fb,Paused,Accrual performance,Last non-direct touch,1,157.25,7194.0,130.0,0.0,0.0,0.0,1647.0
n:Prospecting+Remarketing_o:ASC 80% Cap Berry Collection_p:250423 Campaign,120223278062210716,n:Prospecting+Remarketing_o:ASC 80% Cap Berry Collection_p:250423 Ad set,120223278062200716,a:Empowermatte_b:MRusso-EmpowerMatte-ProdApp-4x5-Ghizlan-V2_c:ProdApp_d:BerryCollection_e:Video_f:PDP_g:250423,120223350010300716,_,fb,Active,Accrual performance,Last non-direct touch,1,0.0,0.0,,0.0,0.0,,
n:Prospecting+Remarketing_o:Bid Cap Test Mixed Audiences + Delivery_p:231108,120200603725760716,i:Laspsed+Unengaged Customers_j:Remarketing_k:ABO_l:241205_m:Mixed Evergreen Creative,120213979011050716,a:BEB_b:NoModel-BEB-ProdShot-1x1-CADPersonaStatics-RHM1206V2_c:ProdShot_d:_e:Static_f:PDP_g:250409_h:RHM,120222484171930716,_,fb,Active,Accrual performance,Last non-direct touch,1,0.0,0.0,,0.0,0.0,,
n:Prospecting_o:9/28-9/29 20% Off BTBS+ Free Shipping Promo CBO Campaign_p:240928,120212322357270716,i:Broad_j:Prospecting Free Shipping Sitewide Ads & 20% off BTBS + Free Shipping Sitewide Body Copy_k:CBO_l:240928_m:9/28-9/29 20% OFF BTBS + Free Shipping Promo,120212322357250716,a:NoProd_b:NoModel-NoProd-Text-1080x1080-NA-FreeShipFallTheme_c:Animation_d:FallThemed_e:Static_f:MakeupBestSellers_g:240928,120212322357290716,_,fb,Active,Accrual performance,Last non-direct touch,1,0.0,0.0,,0.0,0.0,,
n:Prospecting_o:ASC 0% Cap_Lips_p:240408 Campaign,120207821018670716,n:Prospecting_o:ASC 0% Cap_Lips_p:240408 Ad set,120207821018440716,a:LipTint_b:TH1430-Madeleine-LipTint-Anna-BCA-B_c:ProdApp_d:I'm obsessed_e:Video_f:PDP_g:240920_h:NRTV,120212191275860716,_,fb,Paused,Accrual performance,Last non-direct touch,1,0.0,0.0,,0.0,0.0,,
n:Prospecting_o:ASC 0% Cap_Lips_p:240408 Campaign,120207821018670716,n:Prospecting_o:ASC 0% Cap_Lips_p:240408 Ad set,120207821018440716,a:MatteLipTint_b:TH1552-JoAnn-NEWMatteLipTint-Nancy-A-WL-AgelessBeautyTips_c:ProdApp_d:_e:Video_f:PDP_g:250305_h:NRTV,120218069317080716,_,fb,Paused,Accrual performance,Last non-direct touch,1,0.0,0.0,,0.0,0.0,,
n:Prospecting_o:ASC 100% Cap_p:221118 Campaign,23852069909960715,i:Broad Women_j:Broad_k:ABO_l:221118_m:Advantage+Shopping,23852069909950715,a:BrowLiner_b:TH1103-Michelle-BrowLiner-A_c:ProdApp_d:See why beauty lovers_e:Video_f:PDP_g:230821_h:NRTV - Copy,23858122239590715,_,fb,Active,Accrual performance,Last non-direct touch,1,0.0,0.0,,0.0,0.0,,
n:Prospecting_o:ASC 20% Off New Customers_p:230320_q:1Day Click Campaign,23853284139200715,n:Prospecting_o:ASC 20% Off New Customers_p:230320_q:1Day Click Ad set,23853284139260715,a:IWEL_b:MultiModel-Eyeliner-ProdApp-1080x1350-Lauren-MultiUGC-RHMConceptualFB-RHM459V2_c:ProdApp_d:_e:Video_f:PDP_g:230525,23854519874450715,_,fb,Paused,Accrual performance,Last non-direct touch,1,0.0,0.0,,0.0,0.0,,
n:Prospecting_o:ASC 7/4-7/6 4th of July Promo_p:250704,120229109155370716,n:Prospecting_o:ASC 7/4-7/6 4th of July Promo_p:250704,120229109155360716,a:MultiProd_b:NoModel-MultiProd-1x1-PSA-FreeShippingPromo-US-Remarketing_c:ProdShot_d:Promo_e:Static_f:MakeupBestSellers_g:250704,120229109435690716,_,fb,Active,Accrual performance,Last non-direct touch,1,0.0,0.0,,0.0,0.0,,
n:Prospecting_o:ASC 8/2-8/3/25 Summer sets Price Drop + Free Shipping Promo_p:250802,120230909272850716,n:Prospecting_o:ASC 8/2-8/3/25 Summer sets Price Drop + Free Shipping Promo_p:250802,120230909272830716,a:Empowermatte+PlumpingGloss_b:NoModel-SSLPPG+LipstickCrayon-Prodshot-1x1-USSummerSetsDrop-SummerLipEssentials_c:ProdShot_d:Promo_e:Static_f:SummerLipEssentialsSet_g:250802,120230909272860716,_,fb,Active,Accrual performance,Last non-direct touch,1,1252.2700000000002,125352.0,466.0,132.73000000000002,2.0,0.1059915194007682,0.0
n:Prospecting_o:ASC 8/2-8/3/25 Summer sets Price Drop + Free Shipping Promo_p:250802,120230909272850716,n:Prospecting_o:ASC 8/2-8/3/25 Summer sets Price Drop + Free Shipping Promo_p:250802,120230909272830716,a:MultiProd_b:NoModel-MultiProd-1x1-PSA-FreeShippingPromo-US-Remarketing_c:ProdShot_d:Promo_e:Static_f:MakeupBestSellers_g:250802,120230909272880716,_,fb,Active,Accrual performance,Last non-direct touch,1,14205.150000999998,1381293.0,4141.0,6348.58,153.0,0.4469210110103082,0.0
n:Prospecting_o:ASC 8/2-8/3/25 Summer sets Price Drop + Free Shipping Promo_p:250802,120230909272850716,n:Prospecting_o:ASC 8/2-8/3/25 Summer sets Price Drop + Free Shipping Promo_p:250802,120230909272830716,a:MultiProd_b:NoModel-MultiProduct-Animated-1x1-3.1-3.2FreeShippingPromo_c:ProdAnimation_d:Promo_e:GIF_f:MakeupBestSellers_g:250802,120230909272870716,_,fb,Active,Accrual performance,Last non-direct touch,1,7495.579998,523834.0,3074.0,2203.369999999999,51.0,0.293955904758259,81424.0
n:Prospecting_o:ASC 8/2-8/3/25 Summer sets Price Drop + Free Shipping Promo_p:250802,120230909272850716,n:Prospecting_o:ASC 8/2-8/3/25 Summer sets Price Drop + Free Shipping Promo_p:250802,120230909272830716,a:MultiProd_b:NoModel-MultiProducts-Prodshot-1x1-USSummerSetsDrop-AllSets_c:ProdShot_d:Promo_e:Static_f:ValueSets_g:250802,120230909272840716,_,fb,Active,Accrual performance,Last non-direct touch,1,217.880001,15533.0,84.0,0.0,0.0,0.0,0.0
n:Prospecting_o:ASC 8/2-8/3/25 Summer sets Price Drop + Free Shipping Promo_p:250802,120230909272850716,n:Prospecting_o:ASC 8/2-8/3/25 Summer sets Price Drop + Free Shipping Promo_p:250802,120230909272830716,a:NoProd_b:NoModel-NoProd-1x1-USSummerSetsDrop-PRICEDROP_c:ProdShot_d:Promo_e:Static_f:ValueSets_g:250802,120230909272820716,_,fb,Active,Accrual performance,Last non-direct touch,1,6779.819999,287964.0,2869.0,4715.07,83.0,0.6954565166472643,0.0
n:Prospecting_o:Awareness LLEM Full Funnel Test_p:250801,120230083757430716,i:LAL 180D Purchasers W45+_j:Prospecting_k:ABO_l:250801_m:LLEM Full Funnel Test- Reach Target,120230855570780716,a:Mascara_b:BHoellein-Mascara-LLEM-Reel-PartnerAd_c:ProdApp_d:LLEMFullFunnelTest-Education_e:Video_f:PDP_g:250801,120230855570760716,_,fb,Active,Accrual performance,Last non-direct touch,1,230.83,52778.0,85.0,0.0,0.0,0.0,10334.0
n:Prospecting_o:Awareness LLEM Full Funnel Test_p:250801,120230083757430716,i:LAL 180D Purchasers W45+_j:Prospecting_k:ABO_l:250801_m:LLEM Full Funnel Test- Reach Target,120230855570780716,a:Mascara_b:CGilson-Mascara-ProdApp-4x5-BCATestimonial-RHM1371V2_c:ProdApp_d:_e:Video_f:PDP_g:250801,120230855570750716,_,fb,Active,Accrual performance,Last non-direct touch,1,132.19000000000003,30609.0,68.0,0.0,0.0,0.0,6379.0
n:Prospecting_o:Awareness LLEM Full Funnel Test_p:250801,120230083757430716,i:LAL 180D Purchasers W45+_j:Prospecting_k:ABO_l:250801_m:LLEM Full Funnel Test- Reach Target,120230855570780716,a:Mascara_b:MRostamian-LLEM-ProdApp-1x1-UpperFun-V4-US_c:ProdApp_d:LLEMFullFunnelTest-Education_e:Video_f:PDP_g:250801,120230855570770716,_,fb,Active,Accrual performance,Last non-direct touch,1,751.170001,172111.0,436.0,0.0,0.0,0.0,33544.0
n:Prospecting_o:Awareness LLEM Full Funnel Test_p:250801,120230083757430716,i:LAL 180D Purchasers W45+_j:Prospecting_k:ABO_l:250801_m:LLEM Full Funnel Test- Thruplay Cap,120230083880930716,a:Mascara_b:BHoellein-Mascara-LLEM-Reel-PartnerAd_c:ProdApp_d:LLEMFullFunnelTest-Education_e:Video_f:PDP_g:250801,120230843322660716,_,fb,Active,Accrual performance,Last non-direct touch,1,894.749998,79479.0,695.0,27.82,1.0,0.0310924840035596,46595.0
n:Prospecting_o:Awareness LLEM Full Funnel Test_p:250801,120230083757430716,i:LAL 180D Purchasers W45+_j:Prospecting_k:ABO_l:250801_m:LLEM Full Funnel Test- Thruplay Cap,120230083880930716,a:Mascara_b:CGilson-Mascara-ProdApp-4x5-BCATestimonial-RHM1371V2_c:ProdApp_d:_e:Video_f:PDP_g:250801,120230843322670716,_,fb,Active,Accrual performance,Last non-direct touch,1,163.34,17552.0,171.0,0.0,0.0,0.0,9486.0
n:Prospecting_o:Awareness LLEM Full Funnel Test_p:250801,120230083757430716,i:LAL 180D Purchasers W45+_j:Prospecting_k:ABO_l:250801_m:LLEM Full Funnel Test- Thruplay Cap,120230083880930716,a:Mascara_b:MRostamian-LLEM-ProdApp-1x1-UpperFun-V4-US_c:ProdApp_d:LLEMFullFunnelTest-Education_e:Video_f:PDP_g:250801,120230843322640716,_,fb,Active,Accrual performance,Last non-direct touch,1,70.71000000000001,5221.0,46.0,0.0,0.0,0.0,2945.0
n:Prospecting_o:Awareness LLEM Full Funnel Test_p:250801,120230083757430716,i:Women 45-54_j:Prospecting_k:ABO_l:250801_m:LLEM Full Funnel Test- Thruplay Target,120230855649070716,a:Mascara_b:BHoellein-Mascara-LLEM-Reel-PartnerAd_c:ProdApp_d:LLEMFullFunnelTest-Education_e:Video_f:PDP_g:250801,120230855649080716,_,fb,Active,Accrual performance,Last non-direct touch,1,1387.310001,162480.0,494.0,22.26,1.0,0.0160454404451453,56210.0
n:Prospecting_o:Awareness LLEM Full Funnel Test_p:250801,120230083757430716,i:Women 45-54_j:Prospecting_k:ABO_l:250801_m:LLEM Full Funnel Test- Thruplay Target,120230855649070716,a:Mascara_b:CGilson-Mascara-ProdApp-4x5-BCATestimonial-RHM1371V2_c:ProdApp_d:_e:Video_f:PDP_g:250801,120230855649050716,_,fb,Active,Accrual performance,Last non-direct touch,1,497.53000199999985,81866.0,324.0,0.0,0.0,0.0,23546.0
n:Prospecting_o:Awareness LLEM Full Funnel Test_p:250801,120230083757430716,i:Women 45-54_j:Prospecting_k:ABO_l:250801_m:LLEM Full Funnel Test- Thruplay Target,120230855649070716,a:Mascara_b:MRostamian-LLEM-ProdApp-1x1-UpperFun-V4-US_c:ProdApp_d:LLEMFullFunnelTest-Education_e:Video_f:PDP_g:250801,120230855649060716,_,fb,Active,Accrual performance,Last non-direct touch,1,286.79999999999995,32066.0,120.0,0.0,0.0,0.0,10522.0
n:Prospecting_o:LLEM_PII Test_p:250726,120230259194410716,n:Prospecting_o:Control Klaviyo Cell - LLEM_p:250726,120230259250360716,a:Mascara_b:HJones-Mascara-ProdApp-4x5-BCATestimonial-RHM1120V2_c:ProdApp_d:_e:Video_f:PDP_g:250725,120230285794180716,_,fb,Active,Accrual performance,Last non-direct touch,1,74.10000000000004,3164.0,39.0,22.05,1.0,0.297570850202429,862.0
n:Prospecting_o:LLEM_PII Test_p:250726,120230259194410716,n:Prospecting_o:Control Klaviyo Cell - LLEM_p:250726,120230259250360716,a:Mascara_b:LSmith-Mascara-ProdShot-1x1-MatureLashRevitalizerLPStatics-RHM1323V1_c:ProdShot_d:_e:Static_f:Mature Lash Revitalizer-LP_g:250725_h:RHM,120230274945420716,_,fb,Active,Accrual performance,Last non-direct touch,1,169.19,8885.0,49.0,16.96,1.0,0.1002423311070394,0.0
n:Prospecting_o:LLEM_PII Test_p:250726,120230259194410716,n:Prospecting_o:Control Klaviyo Cell - LLEM_p:250726,120230259250360716,a:Mascara_b:MPrado-LLEM-ProdShot-1x1-NewsStyle-V2_c:ProdShot_d:_e:Static_f:PDP_g:250725,120230275207290716,_,fb,Active,Accrual performance,Last non-direct touch,1,715.609999,36021.0,208.0,302.38,8.0,0.4225485954955193,0.0
n:Prospecting_o:LLEM_PII Test_p:250726,120230259194410716,n:Prospecting_o:Control Klaviyo Cell - LLEM_p:250726,120230259250360716,a:Mascara_b:MRostamian-Mascara-ProdApp-4x5-Testimonial-Crystal-RHM1163V1_c:ProdApp_d:_e:Video_f:PDP_g:250725,120230275126900716,_,fb,Active,Accrual performance,Last non-direct touch,1,19.640000000000004,519.0,5.0,0.0,0.0,0.0,163.0
n:Prospecting_o:LLEM_PII Test_p:250726,120230259194410716,n:Prospecting_o:Control Klaviyo Cell - LLEM_p:250726,120230259250360716,a:Mascara_b:MultiModel-Mascara-ProdApp-4x5-MatureFocus-RHM1242V2_c:ProdApp_d:_e:Video_f:PDP_g:250725_h:RHM,120230282921130716,_,fb,Active,Accrual performance,Last non-direct touch,1,48.73000000000001,1114.0,19.0,0.0,0.0,0.0,450.0
n:Prospecting_o:LLEM_PII Test_p:250726,120230259194410716,n:Prospecting_o:PII Cell - LLEM_p:250726,120230259194420716,a:Mascara_b:HJones-Mascara-ProdApp-4x5-BCATestimonial-RHM1120V2_c:ProdApp_d:_e:Video_f:PDP_g:250725,120230285794170716,_,fb,Active,Accrual performance,Last non-direct touch,1,84.58000000000001,3829.0,48.0,27.56,1.0,0.3258453535114683,1127.0
n:Prospecting_o:LLEM_PII Test_p:250726,120230259194410716,n:Prospecting_o:PII Cell - LLEM_p:250726,120230259194420716,a:Mascara_b:LSmith-Mascara-ProdShot-1x1-MatureLashRevitalizerLPStatics-RHM1323V1_c:ProdShot_d:_e:Static_f:Mature Lash Revitalizer-LP_g:250725_h:RHM,120230274945430716,_,fb,Active,Accrual performance,Last non-direct touch,1,136.37,7848.0,48.0,108.05,3.0,0.7923296912810734,0.0
n:Prospecting_o:LLEM_PII Test_p:250726,120230259194410716,n:Prospecting_o:PII Cell - LLEM_p:250726,120230259194420716,a:Mascara_b:MPrado-LLEM-ProdShot-1x1-NewsStyle-V2_c:ProdShot_d:_e:Static_f:PDP_g:250725,120230275207200716,_,fb,Active,Accrual performance,Last non-direct touch,1,669.9000000000001,36808.0,216.0,309.96,10.0,0.4626959247648901,0.0
n:Prospecting_o:LLEM_PII Test_p:250726,120230259194410716,n:Prospecting_o:PII Cell - LLEM_p:250726,120230259194420716,a:Mascara_b:MRostamian-Mascara-ProdApp-4x5-Testimonial-Crystal-RHM1163V1_c:ProdApp_d:_e:Video_f:PDP_g:250725,120230275126910716,_,fb,Active,Accrual performance,Last non-direct touch,1,40.70000000000001,1170.0,8.0,0.0,0.0,0.0,487.0
n:Prospecting_o:LLEM_PII Test_p:250726,120230259194410716,n:Prospecting_o:PII Cell - LLEM_p:250726,120230259194420716,a:Mascara_b:MultiModel-Mascara-ProdApp-4x5-MatureFocus-RHM1242V2_c:ProdApp_d:_e:Video_f:PDP_g:250725_h:RHM,120230282921160716,_,fb,Active,Accrual performance,Last non-direct touch,1,93.63,2544.0,25.0,110.73,3.0,1.1826337712271708,1123.0
n:Prospecting_o:Manual ABO NC Event Test 2.0_p:250127,120215074953050716,i:Broad_j:Prospecting_k:ABO_l:250127_m:LLEM New Customer Event,120215075115900716,a:Mascara_b:FGroh-LLEM-Berry-US-4x5-V2_c:ProdApp_d:BerryCollection_e:Video_f:PDP_g:250702,120229172614750716,_,fb,Paused,Accrual performance,Last non-direct touch,1,0.0,0.0,0.0,0.0,0.0,,0.0
n:Prospecting_o:Manual ABO NC Event Test 2.0_p:250127,120215074953050716,i:Broad_j:Prospecting_k:ABO_l:250127_m:LLEM New Customer Event,120215075115900716,a:Mascara_b:LSmith-Mascara-ProdShot-1x1-MatureLashRevitalizerLPStatics-RHM1323V1_c:ProdShot_d:_e:Static_f:Mature Lash Revitalizer-LP_g:250723_h:RHM,120230178999330716,_,fb,Active,Accrual performance,Last non-direct touch,1,64.379999,2775.0,34.0,52.36,1.0,0.8132960673081092,0.0
n:Prospecting_o:Manual ABO NC Event Test 2.0_p:250127,120215074953050716,i:Broad_j:Prospecting_k:ABO_l:250127_m:LLEM New Customer Event,120215075115900716,a:Mascara_b:LSmith-Mascara-ProdShot-1x1-MatureLashRevitalizerLPStatics-RHM1323V3_c:ProdShot_d:_e:Static_f:Mature Lash Revitalizer-LP_g:250730_h:RHM,120230798897710716,_,fb,Active,Accrual performance,Last non-direct touch,1,26.76,1977.0,21.0,98.44,2.0,3.6786248131539616,0.0
n:Prospecting_o:Manual ABO NC Event Test 2.0_p:250127,120215074953050716,i:Broad_j:Prospecting_k:ABO_l:250127_m:LLEM New Customer Event,120215075115900716,a:Mascara_b:MultiModel-Mascara-ProdApp-4x5-MatureExplainerIterations-RHM1289V2_c:ProdApp_d:_e:Video_f:PDP_g:250702_h:RHM,120229173063110716,_,fb,Active,Accrual performance,Last non-direct touch,1,13770.56,345291.0,5336.0,5191.080000000003,130.0,0.3769694188181165,175436.0
n:Prospecting_o:Manual ABO NC Event Test 2.0_p:250127,120215074953050716,i:Broad_j:Prospecting_k:ABO_l:250127_m:LLEM New Customer Event,120215075115900716,a:Mascara_b:MultiModel-Mascara-ProdApp-4x5-MatureExplainerIterations-RHM1289V3_c:ProdApp_d:_e:Video_f:PDP_g:250618_h:RHM,120228329175310716,_,fb,Paused,Accrual performance,Last non-direct touch,1,1741.2599999999998,88360.0,816.0,702.1099999999999,14.0,0.4032195077128056,40208.0
n:Prospecting_o:Manual ABO NC Event Test 2.0_p:250127,120215074953050716,i:Broad_j:Prospecting_k:ABO_l:250127_m:LLEM New Customer Event,120215075115900716,a:Mascara_b:MultiModel-Mascara-ProdApp-4x5-MatureExplainerIterations-RHM1289V4_c:ProdApp_d:_e:Video_f:PDP_g:250625_h:RHM,120228772103370716,_,fb,Active,Accrual performance,Last non-direct touch,1,1525.869998,45247.0,526.0,591.27,17.0,0.3874969694502112,19680.0
n:Prospecting_o:Manual ABO NC Event Test 2.0_p:250127,120215074953050716,i:Broad_j:Prospecting_k:ABO_l:250127_m:LLEM New Customer Event,120215075115900716,a:Mascara_b:MultiModel-Mascara-ProdApp-4x5-MatureFocus-RHM1242V2_c:ProdApp_d:_e:Video_f:PDP_g:250514_h:RHM,120225701281480716,_,fb,Paused,Accrual performance,Last non-direct touch,1,0.0,0.0,,0.0,0.0,,
n:Prospecting_o:Manual ABO NC Event Test 2.0_p:250127,120215074953050716,i:Broad_j:Prospecting_k:ABO_l:250313_m:BEB New Customer Event,120218791863100716,a:BEB_b:BEB-ProdApp-4x5-MattesTestimonialBCA-RHM1219V1_c:ProdApp_d:_e:Video_f:PDP_g:250604_h:RHM,120227256691870716,_,fb,Active,Accrual performance,Last non-direct touch,1,599.35,22335.0,266.0,579.97,6.0,0.9676649703845832,6987.0
n:Prospecting_o:Manual ABO NC Event Test 2.0_p:250127,120215074953050716,i:Broad_j:Prospecting_k:ABO_l:250313_m:BEB New Customer Event,120218791863100716,a:BEB_b:CDill-BEB-ProdApp-1x1-Muna-V1-US_c:ProdApp_d:Recreate_e:Video_f:PDP_g:250717,120229758945890716,_,fb,Active,Accrual performance,Last non-direct touch,1,643.5199999999999,26532.0,288.0,535.3199999999999,8.0,0.831862257583292,5038.0
n:Prospecting_o:Manual ABO NC Event Test 2.0_p:250127,120215074953050716,i:Broad_j:Prospecting_k:ABO_l:250313_m:BEB New Customer Event,120218791863100716,a:BEB_b:CDill-BEB-ProdApp-1x1-Muna-V2-US_c:ProdApp_d:Recreate_e:Video_f:PDP_g:250717,120229759020430716,_,fb,Paused,Accrual performance,Last non-direct touch,1,34.66,1013.0,5.0,0.0,0.0,0.0,179.0
n:Prospecting_o:Manual ABO NC Event Test 2.0_p:250127,120215074953050716,i:Broad_j:Prospecting_k:ABO_l:250313_m:BEB New Customer Event,120218791863100716,a:BEB_b:CDill-BEB-ProdApp-1x1-Muna-V3-US_c:ProdApp_d:Recreate_e:Video_f:PDP_g:250717,120229759063190716,_,fb,Active,Accrual performance,Last non-direct touch,1,373.21,12778.0,136.0,369.54,6.0,0.9901663942552452,2718.0
n:Prospecting_o:Manual ABO NC Event Test 2.0_p:250127,120215074953050716,i:Broad_j:Prospecting_k:ABO_l:250313_m:BEB New Customer Event,120218791863100716,a:BEB_b:CMazzucco-BEB-ProdApp-4x5-MultiShadeBCA-RHM1309V1_c:ProdApp_d:_e:_f:PDP_g:250716_h:RHM,120229814721680716,_,fb,Paused,Accrual performance,Last non-direct touch,1,55.8,2128.0,20.0,43.0,1.0,0.7706093189964157,495.0
n:Prospecting_o:Manual ABO NC Event Test 2.0_p:250127,120215074953050716,i:Broad_j:Prospecting_k:ABO_l:250313_m:BEB New Customer Event,120218791863100716,a:BEB_b:MultiModel-BEB-ProdApp-4x5-MatureProbSolExplainer-Multi-RHM1293V2_c:ProdApp_d:_e:Video_f:PDP_g:250709_h:RHM,120229513925700716,_,fb,Active,Accrual performance,Last non-direct touch,1,5263.829999,167476.0,1804.0,2963.769999999999,41.0,0.563044399337183,65664.0
n:Prospecting_o:Manual ABO NC Event Test 2.0_p:250127,120215074953050716,i:Broad_j:Prospecting_k:ABO_l:250313_m:BEB New Customer Event,120218791863100716,a:BEB_b:NoModel-BEB-ProdAnimation-1x1-ShadeScale-RHM1226V1_c:ProdAnimation_d:_e:Static_f:PDP_g:250430_h:RHM,120224336048880716,_,fb,Active,Accrual performance,Last non-direct touch,1,2317.130001,83742.0,844.0,1866.35,28.0,0.8054576131656584,0.0
n:Prospecting_o:Manual ABO NC Event Test 2.0_p:250127,120215074953050716,i:Broad_j:Prospecting_k:ABO_l:250313_m:BEB New Customer Event,120218791863100716,a:BEB_b:SPavlos-BEB-ProdApp-Nikki-4x5-EverydayEssentials_c:ProdApp_d:BEBEssentials_e:Video_f:PDP_g:250401,120221236762780716,_,fb,Paused,Accrual performance,Last non-direct touch,1,0.0,0.0,,80.94,1.0,,
n:Prospecting_o:Manual ABO NC Event Test 2.0_p:250127,120215074953050716,i:Broad_j:Prospecting_k:ABO_l:250313_m:BEB New Customer Event,120218791863100716,a:BEB_b:TH1581-Clare-SmokeyEyeBEB-Muna-BCA-A_c:ProdApp_d:_e:Video_f:PDP_g:250402_h:NRTV,120221454766890716,_,fb,Active,Accrual performance,Last non-direct touch,1,7869.470002,271323.0,2809.0,3359.2000000000003,64.0,0.4268648332284474,67701.0
n:Prospecting_o:Manual ABO NC Event Test 2.0_p:250127,120215074953050716,i:Broad_j:Prospecting_k:ABO_l:250318_m:Brows New Customer Event,120219217980060716,a:BrowGel_b:KBodnar-BrowGel-ProdApp-4x5-Podcast-V1_c:ProdApp_d:_e:Video_f:PDP_g:250423,120223429292610716,_,fb,Active,Accrual performance,Last non-direct touch,1,1488.16,73903.0,697.0,559.9599999999999,20.0,0.3762767444360821,25627.0
n:Prospecting_o:Manual ABO NC Event Test 2.0_p:250127,120215074953050716,i:Broad_j:Prospecting_k:ABO_l:250318_m:Brows New Customer Event,120219217980060716,a:BrowPencil_b:Ash-QuickFixBrowPencil-ProdApp-B+A-1x1-Serena-USA_c:B&A_d:_e:Static_f:PDP_g:250715,120229596406150716,_,fb,Active,Accrual performance,Last non-direct touch,1,4.740000000000001,178.0,2.0,0.0,0.0,0.0,0.0
n:Prospecting_o:Manual ABO NC Event Test 2.0_p:250127,120215074953050716,i:Broad_j:Prospecting_k:ABO_l:250318_m:Brows New Customer Event,120219217980060716,a:BrowPencil_b:Lisa-QuickFixBrowPencil-ProdApp-B+A-1x1-Nan-USA_c:B&A_d:_e:Static_f:PDP_g:250715,120229597374560716,_,fb,Active,Accrual performance,Last non-direct touch,1,1.28,47.0,1.0,0.0,0.0,0.0,0.0
n:Prospecting_o:Manual ABO NC Event Test 2.0_p:250127,120215074953050716,i:Broad_j:Prospecting_k:ABO_l:250318_m:Brows New Customer Event,120219217980060716,a:BrowPencil_b:Louise QuickFixBrowPencil-Animation-1x1-B+ASlider-USA_c:B&A_d:_e:GIF_f:PDP_g:250715,120229597397640716,_,fb,Active,Accrual performance,Last non-direct touch,1,5.67,246.0,3.0,0.0,0.0,0.0,62.0
n:Prospecting_o:Manual ABO NC Event Test 2.0_p:250127,120215074953050716,i:Broad_j:Prospecting_k:ABO_l:250318_m:Brows New Customer Event,120219217980060716,a:BrowPencil_b:Louise-InstantBrowFillBrowPencil-ProdApp-1x1-60secBrow-USA_c:B&A_d:_e:Static_f:PDP_g:250715,120229597483640716,_,fb,Active,Accrual performance,Last non-direct touch,1,22.62,1027.0,4.0,0.0,0.0,0.0,0.0
n:Prospecting_o:Manual ABO NC Event Test 2.0_p:250127,120215074953050716,i:Broad_j:Prospecting_k:ABO_l:250318_m:Brows New Customer Event,120219217980060716,a:BrowPencil_b:NoModel-QuickFillBrowPencil-ProdShot-1x1-PDOverview-USA_c:ProdShot_d:_e:Static_f:PDP_g:250715,120229597560470716,_,fb,Active,Accrual performance,Last non-direct touch,1,794.4900010000001,52474.0,627.0,304.21,9.0,0.3828997213521884,0.0
n:Prospecting_o:Manual ABO NC Event Test 2.0_p:250127,120215074953050716,i:Broad_j:Prospecting_k:ABO_l:250318_m:Brows New Customer Event,120219217980060716,a:BrowPencil_b:NoModel-QuickFillEyebrowPencil-ProdShot-4x5-Quote-Evergreen-V1_c:ProdShot_d:_e:Static_f:PDP_g:250715,120229597455970716,_,fb,Active,Accrual performance,Last non-direct touch,1,202.80000000000004,6305.0,78.0,181.29,5.0,0.8939349112426034,0.0
n:Prospecting_o:Manual ABO NC Event Test 2.0_p:250127,120215074953050716,i:Broad_j:Prospecting_k:ABO_l:250318_m:Brows New Customer Event,120219217980060716,a:Browgel_b:TH1587-Christi-LongHeadlineBrowGel-A_c:ProdApp_d:_e:Video_f:PDP_g:250423_h:NRTV2025,120223426775380716,_,fb,Active,Accrual performance,Last non-direct touch,1,444.090001,17534.0,229.0,328.33,8.0,0.7393321156987726,7362.0
n:Prospecting_o:Manual ABO NC Event Test 2.0_p:250127,120215074953050716,i:Broad_j:Prospecting_k:ABO_l:250318_m:Brows New Customer Event,120219217980060716,a:Browgel_b:TH1617-MultiUGC-MatureWomenBrowGel-A_c:ProdApp_d:_e:Video_f:PDP_g:250703_h:NRTV2025,120229225556620716,_,fb,Active,Accrual performance,Last non-direct touch,1,2153.109998,104918.0,1284.0,1106.17,31.0,0.513754523005099,28202.0
n:Prospecting_o:Manual ABO NC Event Test 2.0_p:250127,120215074953050716,i:Broad_j:Prospecting_k:ABO_l:250318_m:IWEL New Customer Event,120219157341440716,a:IWEL_b:KBodnar-IWEL-ProdApp-4x5-Lauren-V1-US_c:ProdApp_d:_e:Video_f:PDP_g:250514,120225701041230716,_,fb,Active,Accrual performance,Last non-direct touch,1,416.11999999999995,26279.0,227.0,73.03,3.0,0.1755022589637604,7505.0
n:Prospecting_o:Manual ABO NC Event Test 2.0_p:250127,120215074953050716,i:Broad_j:Prospecting_k:ABO_l:250318_m:IWEL New Customer Event,120219157341440716,a:IWEL_b:MRusso-IWEL-Talia-USCA-1x1-V2-US_c:ProdApp_d:_e:Video_f:PDP_g:250723,120230181719720716,_,fb,Active,Accrual performance,Last non-direct touch,1,3411.98,96472.0,1717.0,1363.44,36.0,0.3996037491427265,39071.0
n:Prospecting_o:Manual ABO NC Event Test 2.0_p:250127,120215074953050716,i:Broad_j:Prospecting_k:ABO_l:250318_m:IWEL New Customer Event,120219157341440716,a:IWEL_b:MRusso-IWEL-Talia-USCA-1x1-V3-US_c:ProdApp_d:_e:Video_f:PDP_g:250730,120230798803270716,_,fb,Active,Accrual performance,Last non-direct touch,1,2960.3399990000007,139443.0,1716.0,1581.67,36.0,0.5342866023950918,53317.0
n:Prospecting_o:Manual ABO NC Event Test 2.0_p:250127,120215074953050716,i:Broad_j:Prospecting_k:ABO_l:250318_m:IWEL New Customer Event,120219157341440716,a:IWEL_b:MultiModel-IWEL-ProdApp-4x5-MatureProbSol-RHM1244V4_c:ProdApp_d:_e:Video_f:PDP_g:250514_h:RHM,120225701459710716,_,fb,Active,Accrual performance,Last non-direct touch,1,4405.01,168682.0,2350.0,1792.5799999999997,44.0,0.4069411874206868,48875.0
n:Prospecting_o:Manual ABO NC Event Test 2.0_p:250127,120215074953050716,i:Broad_j:Prospecting_k:ABO_l:250318_m:IWEL New Customer Event,120219157341440716,a:IWEL_b:NoModel-IWEL-ProdShot-1x1-CreativeCollabRequest3-Evergreen-USA-V1_c:ProdShot_d:_e:Static_f:PDP_g:250716,120229814344030716,_,fb,Active,Accrual performance,Last non-direct touch,1,241.13,10278.0,104.0,76.86,3.0,0.3187492224111475,0.0
n:Prospecting_o:Manual ABO NC Event Test 2.0_p:250127,120215074953050716,i:Broad_j:Prospecting_k:ABO_l:250318_m:IWEL New Customer Event,120219157341440716,a:IWEL_b:NoModel-IWEL-ProdShot-1x1-IWELStatics1-RHM1298V2_c:ProdShot_d:_e:Static_f:IWELDuo_g:250716_h:RHM,120229814847620716,_,fb,Active,Accrual performance,Last non-direct touch,1,19.01,1161.0,10.0,0.0,0.0,0.0,0.0
n:Prospecting_o:Manual ABO NC Event Test 2.0_p:250127,120215074953050716,i:Broad_j:Prospecting_k:ABO_l:250328_m:Sets New Customer Event,120219952068610716,a:BEB+IWEL+Mascara_b:BEB+IWEL+Mascara-ProdShot-1x1-OnTheGoStaticsScales2-RHM1285V4_c:ProdShot_d:_e:Static_f:3-Step Signature_g:250702_h:RHM,120229172424140716,_,fb,Active,Accrual performance,Last non-direct touch,1,374.36000000000007,17534.0,99.0,277.45,4.0,0.7411315311464898,0.0
n:Prospecting_o:Manual ABO NC Event Test 2.0_p:250127,120215074953050716,i:Broad_j:Prospecting_k:ABO_l:250328_m:Sets New Customer Event,120219952068610716,a:BEB+IWEL+Mascara_b:CWalters-MultiProduct-Greenscreen-4x5-Site-V2_c:Webscroll_d:Eyeliner+Mascara+BEBSet_e:Video_f:PDP_g:250328,120220126215450716,_,fb,Active,Accrual performance,Last non-direct touch,1,1309.5999990000005,36343.0,536.0,1347.62,15.0,1.0290317662103172,12427.0
n:Prospecting_o:Manual ABO NC Event Test 2.0_p:250127,120215074953050716,i:Broad_j:Prospecting_k:ABO_l:250328_m:Sets New Customer Event,120219952068610716,a:BEB+IWEL+Mascara_b:HJones-BEB+IWEL+Mascara-ProdApp-4x5-3SSEBundleBCATestimonial-RHM1302V1_c:ProdApp_d:_e:Video_f:PDP_g:250716_h:RHM,120229814901390716,_,fb,Active,Accrual performance,Last non-direct touch,1,10127.479998,309758.0,4563.0,8287.109999999997,114.0,0.8182795721775363,73917.0
n:Prospecting_o:Manual ABO NC Event Test 2.0_p:250127,120215074953050716,i:Broad_j:Prospecting_k:ABO_l:250328_m:Sets New Customer Event,120219952068610716,a:BEB+IWEL+Mascara_b:HJones-BEB+IWEL+Mascara-ProdApp-4x5-3SSEBundleBCATestimonial-RHM1302V3_c:ProdApp_d:_e:Video_f:PDP_g:250723_h:RHM,120230179504480716,_,fb,Paused,Accrual performance,Last non-direct touch,1,109.85,3825.0,42.0,0.0,0.0,0.0,1540.0
n:Prospecting_o:Manual ABO NC Event Test 2.0_p:250127,120215074953050716,i:Broad_j:Prospecting_k:ABO_l:250328_m:Sets New Customer Event,120219952068610716,a:BEB+IWEL+Mascara_b:NoModel-BEB+IWEL+Mascara-ProdShot-1x1-3SSE-RHM1313V1_c:ProdShot_d:_e:Static_f:PDP_g:250709_h:RHM,120229513864380716,_,fb,Active,Accrual performance,Last non-direct touch,1,4038.499999,158317.0,1441.0,3574.3100000000004,49.0,0.8850588091828796,0.0
n:Prospecting_o:Manual ABO NC Event Test 2.0_p:250127,120215074953050716,i:Broad_j:Prospecting_k:ABO_l:250328_m:Sets New Customer Event,120219952068610716,a:BEB+IWEL+Mascara_b:NoModel-BEB+IWEL+Mascara-ProdShot-1x1-3SSESeasonal-RHM1310V2_c:ProdShot_d:_e:Static_f:PDP_g:250716_h:RHM,120229814381180716,_,fb,Active,Accrual performance,Last non-direct touch,1,901.4200000000002,36640.0,228.0,879.66,10.0,0.975860309289787,0.0
n:Prospecting_o:Manual ABO NC Event Test 2.0_p:250127,120215074953050716,i:Broad_j:Prospecting_k:ABO_l:250328_m:Sets New Customer Event,120219952068610716,a:BEBMini+Mascara_b:ABanNoModel-miniBEB+LLEM-ProdShot-1x1-V2-WelcomeSetMarch2024Component_c:ProdShot_d:NewCustomerSet_e:Static_f:PDP_g:250328,120219983292300716,_,fb,Paused,Accrual performance,Last non-direct touch,1,0.0,0.0,,86.0,1.0,,
n:Prospecting_o:Manual ABO NC Event Test 2.0_p:250127,120215074953050716,i:Broad_j:Prospecting_k:ABO_l:250328_m:Sets New Customer Event,120219952068610716,a:BEBMini+Mascara_b:SLent-LLEM+MiniBEB-ProdApp-4x5-Webscroll-NewCustomerSet-V2_c:Webscroll_d:_e:Video_f:NewCustomerSet_g:250328,120219961430360716,_,fb,Active,Accrual performance,Last non-direct touch,1,0.0,0.0,,0.0,0.0,,
n:Prospecting_o:Manual ABO NC Event Test 2.0_p:250127,120215074953050716,i:Broad_j:Prospecting_k:ABO_l:250328_m:Sets New Customer Event,120219952068610716,a:BEB_b:NoModel-BEB-ProdShot-1x1-Animated-Buy2get16-offBEBCreativeMarch2025_c:ProdShot_d:_e:GIF_f:BEBDuo_g:250717,120229856626060716,_,fb,Active,Accrual performance,Last non-direct touch,1,48.279999999999994,1792.0,20.0,110.4,1.0,2.286661143330572,549.0
n:Prospecting_o:Manual ABO NC Event Test 2.0_p:250127,120215074953050716,i:Broad_j:Prospecting_k:ABO_l:250430_m:Berry Collection,120224311349720716,a:EmpowerMatte_b:JDeBen-EmpowerMatte-ProdApp-4x5-BerryCollectionLaunch-Ghizlan-RHM1238V1_c:ProdApp_d:BerryCollection_e:Video_f:PDP_g:250521_h:RHM,120226300629250716,_,fb,Active,Accrual performance,Last non-direct touch,1,0.0,0.0,0.0,0.0,0.0,,0.0
n:Prospecting_o:Manual ABO NC Event Test 2.0_p:250127,120215074953050716,i:Broad_j:Prospecting_k:ABO_l:250430_m:Berry Collection,120224311349720716,a:Empowermatte_b:MRusso-EmpowerMatte-ProdApp-4x5-Ghizlan-V1_c:ProdApp_d:BerryCollection_e:Video_f:PDP_g:250430,120224349542540716,_,fb,Active,Accrual performance,Last non-direct touch,1,,,0.0,,,,0.0
n:Prospecting_o:Manual ABO NC Event Test 2.0_p:250127,120215074953050716,i:Broad_j:Prospecting_k:ABO_l:250430_m:Berry Collection,120224311349720716,a:LipTint_b:CGilson-LipTint-ProdApp-4x5-BerryCollectionLaunchBCA-Ragan-RHM1239V1_c:ProdApp_d:BerryCollection_e:Video_f:PDP_g:250507_h:RHM,120225304273270716,_,fb,Active,Accrual performance,Last non-direct touch,1,0.0,0.0,0.0,0.0,0.0,,0.0
n:Prospecting_o:Manual ABO NC Event Test 2.0_p:250127,120215074953050716,i:Broad_j:Prospecting_k:ABO_l:250430_m:Berry Collection,120224311349720716,a:LipTint_b:CGilson-LipTint-ProdApp-4x5-BerryCollectionRaganBCAIterations-Ragan-RHM1303V1_c:ProdApp_d:_e:Video_f:PDP_g:250709_h:RHM,120229513665170716,_,fb,Active,Accrual performance,Last non-direct touch,1,,,0.0,,,,0.0
n:Prospecting_o:Manual ABO NC Event Test 2.0_p:250127,120215074953050716,i:Broad_j:Prospecting_k:ABO_l:250611_m:BUEB New Customer Event,120227775615160716,a:BUEB+BUEBPowder_b:TLanford-BUEBCorrector+BUEBPowder-ProdApp-4x5-BUEBCorrectorPowderLaunch-RHM1247V4_c:ProdApp_d:_e:Video_f:BUEBDuoSet_g:250611_h:RHM,120227777141400716,_,fb,Active,Accrual performance,Last non-direct touch,1,0.0,0.0,,0.0,0.0,,
n:Prospecting_o:Manual ABO NC Event Test 2.0_p:250127,120215074953050716,i:Broad_j:Prospecting_k:ABO_l:250624_m:Shimmer Lip Tint,120228312698020716,a:LipTint_b:Ashley-SSLT-Animation-4x5-Before-After-Amy-SSLTShimmerLaunch-V1_c:B&A_d:ShimmerLipTint_e:GIF_f:PDP_g:250624,120228643573410716,_,fb,Active,Accrual performance,Last non-direct touch,1,5.300000000000001,173.0,0.0,0.0,0.0,0.0,38.0
n:Prospecting_o:Manual ABO NC Event Test 2.0_p:250127,120215074953050716,i:Broad_j:Prospecting_k:ABO_l:250624_m:Shimmer Lip Tint,120228312698020716,a:LipTint_b:Callandra-SSLT-Animation-4x5-Before-After-Amanda-SSLTShimmerLaunch-V2_c:B&A_d:ShimmerLipTint_e:GIF_f:PDP_g:250624,120228643869240716,_,fb,Active,Accrual performance,Last non-direct touch,1,79.00999999999999,3138.0,21.0,123.83,3.0,1.5672699658271108,579.0
n:Prospecting_o:Manual ABO NC Event Test 2.0_p:250127,120215074953050716,i:Broad_j:Prospecting_k:ABO_l:250624_m:Shimmer Lip Tint,120228312698020716,a:LipTint_b:Gloria-SSLT-ProdApp-4x5-Before-After-Jennifer-SSLTShimmerLaunch-V1_c:B&A_d:ShimmerLipTint_e:GIF_f:PDP_g:250624,120228643753990716,_,fb,Active,Accrual performance,Last non-direct touch,1,4.3100000000000005,163.0,4.0,0.0,0.0,0.0,29.0
n:Prospecting_o:Manual ABO NC Event Test 2.0_p:250127,120215074953050716,i:Broad_j:Prospecting_k:ABO_l:250624_m:Shimmer Lip Tint,120228312698020716,a:LipTint_b:MultiModel-SSLT-ProdApp-4x5-Amanda-MacroGrid-SSLTShimmerLaunch-V2_c:Model_d:ShimmerLipTint_e:Static_f:PDP_g:250624,120228314126420716,_,fb,Active,Accrual performance,Last non-direct touch,1,1241.0700000000002,69996.0,446.0,1035.5,22.0,0.8343606726453785,0.0
n:Prospecting_o:Manual ABO NC Event Test 2.0_p:250127,120215074953050716,i:Broad_j:Prospecting_k:ABO_l:250624_m:Shimmer Lip Tint,120228312698020716,a:LipTint_b:MultiModel-SSLT-ProdApp-4x5-Amy-MacroGrid-SSLTShimmerLaunch-V2_c:Model_d:ShimmerLipTint_e:Static_f:PDP_g:250624,120228314189510716,_,fb,Paused,Accrual performance,Last non-direct touch,1,19.230000000000008,933.0,9.0,0.0,0.0,0.0,0.0
n:Prospecting_o:Manual ABO NC Event Test 2.0_p:250127,120215074953050716,i:Broad_j:Prospecting_k:ABO_l:250624_m:Shimmer Lip Tint,120228312698020716,a:LipTint_b:MultiModel-SSLT-ProdApp-4x5-Jennifer-MacroGrid-SSLTShimmerLaunch-V2_c:Model_d:ShimmerLipTint_e:Static_f:PDP_g:250624,120228312698040716,_,fb,Active,Accrual performance,Last non-direct touch,1,1.8300000000000003,147.0,1.0,0.0,0.0,0.0,0.0
n:Prospecting_o:Manual ABO NC Event Test 2.0_p:250127,120215074953050716,i:Broad_j:Prospecting_k:ABO_l:250624_m:Shimmer Lip Tint,120228312698020716,a:LipTint_b:NoModel-SSLT-Animation-4x5-ShadeHighlight-SSLTShimmerLaunch-V1_c:ProdShot_d:ShimmerLipTint_e:GIF_f:PDP_g:250624,120228314398940716,_,fb,Active,Accrual performance,Last non-direct touch,1,83.47,2518.0,26.0,0.0,0.0,0.0,543.0
n:Prospecting_o:Manual ABO NC Event Test 2.0_p:250127,120215074953050716,i:Broad_j:Prospecting_k:ABO_l:250624_m:Shimmer Lip Tint,120228312698020716,a:LipTint_b:NoModel-SSLT-Animation-4x5-ShadeHighlight-SSLTShimmerLaunch-V2_c:ProdShot_d:ShimmerLipTint_e:GIF_f:PDP_g:250624,120228314728400716,_,fb,Paused,Accrual performance,Last non-direct touch,1,66.05,1991.0,31.0,45.2,1.0,0.684330052990159,360.0
n:Prospecting_o:Manual ABO NC Event Test 2.0_p:250127,120215074953050716,i:Broad_j:Prospecting_k:ABO_l:250624_m:Shimmer Lip Tint,120228312698020716,a:LipTint_b:SPavlos-LipTint-ProdApp-1x1-GifStyle-V1_c:ProdApp_d:ShimmerLipTint_e:GIF_f:PDP_g:250624,120228642211840716,_,fb,Active,Accrual performance,Last non-direct touch,1,972.44,47295.0,533.0,772.6699999999998,12.0,0.7945683024145445,8398.0
n:Prospecting_o:Manual ABO NC Event Test 2.0_p:250127,120215074953050716,i:Broad_j:Prospecting_k:ABO_l:250624_m:Shimmer Lip Tint,120228312698020716,a:LipTint_b:SPavlos-LipTint-ProdApp-4x5-ShimmerLipTintUSCA-V1-US_c:ProdApp_d:ShimmerLipTint_e:Video_f:PDP_g:250624,120228644097760716,_,fb,Active,Accrual performance,Last non-direct touch,1,1441.5899980000002,68495.0,646.0,564.8699999999999,13.0,0.3918381792213293,18193.0
n:Prospecting_o:Manual ABO NC Event Test 2.0_p:250127,120215074953050716,i:Broad_j:Prospecting_k:ABO_l:250624_m:Shimmer Lip Tint,120228312698020716,a:LipTint_b:SPavlos-LipTint-ProdApp-4x5-ShimmerLipTintUSCA-V2-US_c:ProdApp_d:ShimmerLipTint_e:Video_f:PDP_g:250624,120228644161960716,_,fb,Active,Accrual performance,Last non-direct touch,1,496.130002,22572.0,193.0,154.95,4.0,0.3123173349230349,4612.0
n:Prospecting_o:NC Event ASC 0% Cap Lips_p:250501 Campaign,120224314717500716,n:Prospecting_o:New Customer Event Lips_p:250501 Ad set,120224314717560716,a:EmpowerMatte_b:CGilson-EmpowerMatte-ProdApp-4x5-BerryCollectionLaunchBCA-Ghizlan-RHM1237V1_c:ProdApp_d:BerryCollection_e:Video_f:PDP_g:250521_h:RHM,120226299783950716,_,fb,Active,Accrual performance,Last non-direct touch,1,4022.229999,189112.0,1751.0,1617.9700000000005,35.0,0.4022569570616939,44719.0
n:Prospecting_o:NC Event ASC 0% Cap Lips_p:250501 Campaign,120224314717500716,n:Prospecting_o:New Customer Event Lips_p:250501 Ad set,120224314717560716,a:EmpowerMatte_b:CGilson-EmpowerMatte-ProdApp-4x5-GhizlanBCATestimonialIterations-Ghizlan-RHM1295V1_c:ProdApp_d:BerryCollection_e:Video_f:PDP_g:250625_h:RHM,120228774433110716,_,fb,Active,Accrual performance,Last non-direct touch,1,35.85,1185.0,11.0,0.0,0.0,0.0,285.0
n:Prospecting_o:NC Event ASC 0% Cap Lips_p:250501 Campaign,120224314717500716,n:Prospecting_o:New Customer Event Lips_p:250501 Ad set,120224314717560716,a:EmpowerMatte_b:CGilson-EmpowerMatte-ProdApp-4x5-GhizlanBCATestimonialIterations-Ghizlan-RHM1295V2_c:ProdApp_d:BerryCollection_e:Video_f:PDP_g:250625_h:RHM,120228774433100716,_,fb,Active,Accrual performance,Last non-direct touch,1,205.27,8704.0,87.0,121.55,2.0,0.5921469284357189,2486.0
n:Prospecting_o:NC Event ASC 0% Cap Lips_p:250501 Campaign,120224314717500716,n:Prospecting_o:New Customer Event Lips_p:250501 Ad set,120224314717560716,a:EmpowerMatte_b:DMarcia-SummerBerryLips-Stephanie Evelyn_c:ProdApp_d:_e:Video_f:PDP_g:250611,120227680425260716,_,fb,Active,Accrual performance,Last non-direct touch,1,6.7,157.0,7.0,0.0,0.0,0.0,49.0
n:Prospecting_o:NC Event ASC 0% Cap Lips_p:250501 Campaign,120224314717500716,n:Prospecting_o:New Customer Event Lips_p:250501 Ad set,120224314717560716,a:EmpowerMatte_b:JDeBen-EmpowerMatte-ProdApp-4x5-BerryCollectionLaunch-Ghizlan-RHM1238V1_c:ProdApp_d:BerryCollection_e:Video_f:PDP_g:250521_h:RHM,120226300531850716,_,fb,Paused,Accrual performance,Last non-direct touch,1,0.0,0.0,,0.0,0.0,,
n:Prospecting_o:NC Event ASC 0% Cap Lips_p:250501 Campaign,120224314717500716,n:Prospecting_o:New Customer Event Lips_p:250501 Ad set,120224314717560716,a:EmpowerMatte_b:NTamayo-EmpowerMatte-ProdApp-4x5-Leti-Orfeh-Iterations-V2_c:ProdApp_d:_e:Video_f:PDP_g:250312,120224314717780716,_,fb,Paused,Accrual performance,Last non-direct touch,1,22.459999999999994,1027.0,13.0,0.0,0.0,0.0,224.0
n:Prospecting_o:NC Event ASC 0% Cap Lips_p:250501 Campaign,120224314717500716,n:Prospecting_o:New Customer Event Lips_p:250501 Ad set,120224314717560716,a:EmpowerMatte_b:NoModel-LipCrayon-ProdShot-1080x1080-Multi-LipCrayonLaunch-NA-RHMConceptualFB-RHM886V2_c:ProdShot_d:_e:Static_f:PDP_g:250612_h:RHM,120227680425250716,_,fb,Paused,Accrual performance,Last non-direct touch,1,31.17,1302.0,13.0,0.0,0.0,0.0,0.0
n:Prospecting_o:NC Event ASC 0% Cap Lips_p:250501 Campaign,120224314717500716,n:Prospecting_o:New Customer Event Lips_p:250501 Ad set,120224314717560716,a:EmpowerMatte_b:SStrawberries-EmpowerMatte-ProdApp-1x1-Linda_c:ProdShot_d:_e:Static_f:PDP_g:250611,120227680703990716,_,fb,Active,Accrual performance,Last non-direct touch,1,0.73,79.0,0.0,0.0,0.0,0.0,0.0
n:Prospecting_o:NC Event ASC 0% Cap Lips_p:250501 Campaign,120224314717500716,n:Prospecting_o:New Customer Event Lips_p:250501 Ad set,120224314717560716,a:Empowermatte_b:CommunityShoot-EmpowerMatte-Animated-1x1-Orfeh-ShadeExtB+A_c:B&A_d:Leti/OrfehShadeExtension_e:GIF_f:PDP_g:250114,120224314717680716,_,fb,Active,Accrual performance,Last non-direct touch,1,2.74,109.0,0.0,0.0,0.0,0.0,17.0
n:Prospecting_o:NC Event ASC 0% Cap Lips_p:250501 Campaign,120224314717500716,n:Prospecting_o:New Customer Event Lips_p:250501 Ad set,120224314717560716,a:Empowermatte_b:MultiModel-EMPMatte-ProdApp-4x5-BerryCollection-Ghizlan-Launch_c:Model_d:BerryCollection_e:Static_f:PDP_g:250430,120224348337180716,_,fb,Active,Accrual performance,Last non-direct touch,1,920.18,47692.0,325.0,722.07,11.0,0.7847051663804907,0.0
n:Prospecting_o:NC Event ASC 0% Cap Lips_p:250501 Campaign,120224314717500716,n:Prospecting_o:New Customer Event Lips_p:250501 Ad set,120224314717560716,a:Empowermatte_b:NTamayo-EmpowerMatte-ProdApp-4x5-Leti-Orfeh-V2_c:ProdApp_d:Leti/OrfehShadeExtension_e:Video_f:PDP_g:250114,120224314717730716,_,fb,Paused,Accrual performance,Last non-direct touch,1,73.09,3928.0,54.0,0.0,0.0,0.0,955.0
n:Prospecting_o:NC Event ASC 0% Cap Lips_p:250501 Campaign,120224314717500716,n:Prospecting_o:New Customer Event Lips_p:250501 Ad set,120224314717560716,a:LipMate_b:DOBrian-LipMate-ProdApp-4x5-KarissaLipTopperLaunchTestimonial-Karissa-RHM1322V4_c:ProdApp_d:KarissaLipMate_e:Video_f:PDP_g:250730_h:RHM,120230799418550716,_,fb,Active,Accrual performance,Last non-direct touch,1,6.39,241.0,5.0,0.0,0.0,0.0,87.0
n:Prospecting_o:NC Event ASC 0% Cap Lips_p:250501 Campaign,120224314717500716,n:Prospecting_o:New Customer Event Lips_p:250501 Ad set,120224314717560716,a:LipMate_b:JKelso-LipMate-B A-4x5-KarrisaLipMateB A-KarissaLipTopperLaunch_c:B&A_d:KarissaLipMate_e:Static_f:PDP_g:250708,120229421756510716,_,fb,Active,Accrual performance,Last non-direct touch,1,0.04,33.0,0.0,0.0,0.0,0.0,0.0
n:Prospecting_o:NC Event ASC 0% Cap Lips_p:250501 Campaign,120224314717500716,n:Prospecting_o:New Customer Event Lips_p:250501 Ad set,120224314717560716,a:LipMate_b:MulitModel-LipMate-Animation-4x5-Karissa-MacroShotB A-KarissaLipTopperLaunch_c:B&A_d:KarissaLipMate_e:GIF_f:PDP_g:250708,120229421756530716,_,fb,Active,Accrual performance,Last non-direct touch,1,0.01,4.0,0.0,0.0,0.0,0.0,0.0
n:Prospecting_o:NC Event ASC 0% Cap Lips_p:250501 Campaign,120224314717500716,n:Prospecting_o:New Customer Event Lips_p:250501 Ad set,120224314717560716,a:LipMate_b:MultiModel-LipMate-ProdApp-4x5-Karissa-MacroGrid-KarissaLipTopperLaunch_c:ProdShot_d:KarissaLipMate_e:Static_f:PDP_g:250708,120229244116580716,_,fb,Active,Accrual performance,Last non-direct touch,1,0.21,26.0,0.0,0.0,0.0,0.0,0.0
n:Prospecting_o:NC Event ASC 0% Cap Lips_p:250501 Campaign,120224314717500716,n:Prospecting_o:New Customer Event Lips_p:250501 Ad set,120224314717560716,a:LipMate_b:Sarah-LipMate-ProdApp-4x5-Karissa-MacroShotB+A-KarissaLipTopperLaunch_c:B&A_d:KarissaLipMate_e:Static_f:PDP_g:250708,120229244293720716,_,fb,Active,Accrual performance,Last non-direct touch,1,0.3299999999999999,27.0,0.0,0.0,0.0,0.0,0.0
n:Prospecting_o:NC Event ASC 0% Cap Lips_p:250501 Campaign,120224314717500716,n:Prospecting_o:New Customer Event Lips_p:250501 Ad set,120224314717560716,a:LipTint_b:CGilson-LipTint-ProdApp-4x5-BerryCollectionRaganBCAIterations-Ragan-RHM1303V2_c:ProdApp_d:_e:Video_f:PDP_g:250709_h:RHM,120229513650690716,_,fb,Paused,Accrual performance,Last non-direct touch,1,127.51000000000002,5052.0,71.0,159.82,4.0,1.2533918908320911,1254.0
n:Prospecting_o:NC Event ASC 0% Cap Lips_p:250501 Campaign,120224314717500716,n:Prospecting_o:New Customer Event Lips_p:250501 Ad set,120224314717560716,a:LipTint_b:MRusso-ShimmerLipTint-ProdApp-4x5-TalkingHead-V2A-US_c:ProdApp_d:ShimmerLipTint_e:Video_f:PDP_g:250703,120229226111960716,_,fb,Active,Accrual performance,Last non-direct touch,1,2435.5299999999997,68204.0,956.0,1101.1,25.0,0.4520987218387784,23819.0
n:Prospecting_o:NC Event ASC 0% Cap Lips_p:250501 Campaign,120224314717500716,n:Prospecting_o:New Customer Event Lips_p:250501 Ad set,120224314717560716,a:LipTint_b:MRusso-ShimmerLipTint-ProdApp-4x5-TalkingHead-V2B-US_c:ProdApp_d:ShimmerLipTint_e:Video_f:PDP_g:250730,120230799418530716,_,fb,Active,Accrual performance,Last non-direct touch,1,2140.57,57425.0,958.0,568.6,13.0,0.2656301826149109,20278.0
n:Prospecting_o:NC Event ASC 0% Cap Lips_p:250501 Campaign,120224314717500716,n:Prospecting_o:New Customer Event Lips_p:250501 Ad set,120224314717560716,a:LipTint_b:MultiModel-LipTint-ProdApp-4x5-MultiTestimonial-RHM1306V2_c:ProdApp_d:_e:Video_f:PDP_g:250709_h:RHM,120229513853560716,_,fb,Paused,Accrual performance,Last non-direct touch,1,11.239999999999997,407.0,5.0,0.0,0.0,0.0,71.0
n:Prospecting_o:NC Event ASC 0% Cap Lips_p:250501 Campaign,120224314717500716,n:Prospecting_o:New Customer Event Lips_p:250501 Ad set,120224314717560716,a:LipTint_b:NoModel-LipTint-ProdShot-1080x1080-Kara-DEI-RHMConceptualFB-RHM155V2_c:ProdShot_d:_e:Static_f:PDP_g:221111,120229565365830716,_,fb,Paused,Accrual performance,Last non-direct touch,1,163.74,7469.0,54.0,105.19,3.0,0.642420911200684,0.0
n:Prospecting_o:NC Event ASC 0% Cap Lips_p:250501 Campaign,120224314717500716,n:Prospecting_o:New Customer Event Lips_p:250501 Ad set,120224314717560716,a:LipTint_b:NoModel-LipTint-Prodshot-1x1-SSLTCreative-US-1_c:ProdShot_d:_e:Static_f:PDP_g:250730,120230799418540716,_,fb,Paused,Accrual performance,Last non-direct touch,1,233.52,8146.0,98.0,43.68,1.0,0.1870503597122302,0.0
n:Prospecting_o:NC Event ASC 0% Cap Lips_p:250501 Campaign,120224314717500716,n:Prospecting_o:New Customer Event Lips_p:250501 Ad set,120224314717560716,a:LipTint_b:NoModel-LipTint-Prodshot-1x1-SSLTCreative-US-2_c:ProdShot_d:_e:Static_f:PDP_g:250709,120229513805870716,_,fb,Active,Accrual performance,Last non-direct touch,1,373.9800019999999,12024.0,175.0,49.89,2.0,0.1334028550542657,0.0
n:Prospecting_o:NC Event ASC 0% Cap Lips_p:250501 Campaign,120224314717500716,n:Prospecting_o:New Customer Event Lips_p:250501 Ad set,120224314717560716,a:LipTint_b:PTiman-LipTint-ProdShot-1080x1080-Kara-MacroShotV2_c:ProdApp_d:_e:Static_f:PDP_g:230113,120229565365810716,_,fb,Paused,Accrual performance,Last non-direct touch,1,16.2,873.0,12.0,0.0,0.0,0.0,0.0
n:Prospecting_o:NC Event ASC 0% Cap Lips_p:250501 Campaign,120224314717500716,n:Prospecting_o:New Customer Event Lips_p:250501 Ad set,120224314717560716,a:LipTint_b:TH1348-Michelle-GameChangerLipTint-Anna-BCA-B_c:ProdApp_d:I'm obsessed_e:Video_f:PDP_g:250618_h:NRTV,120228330430980716,_,fb,Active,Accrual performance,Last non-direct touch,1,556.45,16659.0,281.0,136.87,4.0,0.2459699883188067,4574.0
n:Prospecting_o:NC Event ASC 0% Cap Lips_p:250501 Campaign,120224314717500716,n:Prospecting_o:New Customer Event Lips_p:250501 Ad set,120224314717560716,a:MatteLipTint_b:NoModel-LipTint-ProdShot-1x1-NehaMatteLipTint-Evergreen_c:ProdShot_d:Summer_e:Static_f:PDP_g:250714,120229700073000716,_,fb,Active,Accrual performance,Last non-direct touch,1,7.59,567.0,4.0,0.0,0.0,0.0,0.0
n:Prospecting_o:NC Event ASC 0% Cap Lips_p:250501 Campaign,120224314717500716,n:Prospecting_o:New Customer Event Lips_p:250501 Ad set,120224314717560716,a:MatteLipTint_b:NoModel-MatteLipTint-ProdAnimation-1x1-ShadeVariety-RHM1225V3_c:ProdAnimation_d:_e:Static_f:PDP_g:250618_h:RHM,120228330431000716,_,fb,Active,Accrual performance,Last non-direct touch,1,814.1099999999998,29902.0,354.0,318.16999999999996,8.0,0.3908194224367714,0.0
n:Prospecting_o:NC Purchase Event ASC 0% Cap Mixed Products_p:240417 Campaign,120223020203820716,n:Prospecting_o:NC Purchase Event ASC 0% Cap Mixed Products_p:240417 Ad set,120223020203750716,a:BEB_b:NoModel-BEB-ProdShot-1x1-CADPersonaStatics-RHM1206V4_c:ProdShot_d:_e:Static_f:PDP_g:250416_h:RHM,120223020203690716,_,fb,Paused,Accrual performance,Last non-direct touch,1,0.0,0.0,,76.0,1.0,,
n:Prospecting_o:NC Purchase Event ASC 0% Cap Mixed Products_p:240417 Campaign,120223020203820716,n:Prospecting_o:NC Purchase Event ASC 0% Cap Mixed Products_p:240417 Ad set,120223020203750716,a:BUEB+BUEBPowder_b:CCabral-BUEBCollection-USCA-1x1-V3-US_c:ProdApp_d:_e:Video_f:BUEBDuo_g:250723,120230182314260716,_,fb,Paused,Accrual performance,Last non-direct touch,1,,,0.0,,,,0.0
n:Prospecting_o:NC Purchase Event ASC 0% Cap Mixed Products_p:240417 Campaign,120223020203820716,n:Prospecting_o:NC Purchase Event ASC 0% Cap Mixed Products_p:240417 Ad set,120223020203750716,a:BrowPencil_b:CGilson-BrowPencil-ProdApp-4x5-BrowPencilLaunchBCATestimonial-Blanka-RHM1318V3_c:ProdApp_d:_e:Video_f:PDP_g:250723_h:RHM,120230178645790716,_,fb,Paused,Accrual performance,Last non-direct touch,1,0.0,0.0,0.0,0.0,0.0,,0.0
n:Prospecting_o:NC Purchase Event ASC 0% Cap Mixed Products_p:240417 Campaign,120223020203820716,n:Prospecting_o:NC Purchase Event ASC 0% Cap Mixed Products_p:240417 Ad set,120223020203750716,a:BrowPencil_b:CGilson-BrowPencil-ProdApp-4x5-BrowPencilLaunchBCATestimonial-Blanka-RHM1318V4_c:ProdApp_d:_e:Video_f:PDP_g:250723_h:RHM,120230178645800716,_,fb,Paused,Accrual performance,Last non-direct touch,1,,,0.0,,,,0.0
n:Prospecting_o:NC Purchase Event ASC 0% Cap Mixed Products_p:240417 Campaign,120223020203820716,n:Prospecting_o:NC Purchase Event ASC 0% Cap Mixed Products_p:240417 Ad set,120223020203750716,a:BrowPencil_b:LKiesling-BrowPencil-ProdApp-1x1-Nan-V2-US_c:ProdApp_d:_e:Video_f:PDP_g:250723,120230181774080716,_,fb,Active,Accrual performance,Last non-direct touch,1,0.0,0.0,0.0,27.63,1.0,,0.0
n:Prospecting_o:NC Purchase Event ASC 0% Cap Mixed Products_p:240417 Campaign,120223020203820716,n:Prospecting_o:NC Purchase Event ASC 0% Cap Mixed Products_p:240417 Ad set,120223020203750716,a:BrowPencil_b:LSmith-BrowPencil-ProdApp-4x5-BrowPencilLaunchTestimonial-Blanka-RHM1321V3_c:ProdApp_d:_e:Video_f:PDP_g:250723_h:RHM,120230179416550716,_,fb,Paused,Accrual performance,Last non-direct touch,1,0.0,0.0,0.0,0.0,0.0,,0.0
n:Prospecting_o:NC Purchase Event ASC 0% Cap Mixed Products_p:240417 Campaign,120223020203820716,n:Prospecting_o:NC Purchase Event ASC 0% Cap Mixed Products_p:240417 Ad set,120223020203750716,a:BrowPencil_b:Lisa-QuickFixBrowPencil-ProdApp-B+A-1x1-Nan-USA_c:B&A_d:_e:Static_f:PDP_g:250723,120230182211850716,_,fb,Active,Accrual performance,Last non-direct touch,1,,,0.0,,,,0.0
n:Prospecting_o:NC Purchase Event ASC 0% Cap Mixed Products_p:240417 Campaign,120223020203820716,n:Prospecting_o:NC Purchase Event ASC 0% Cap Mixed Products_p:240417 Ad set,120223020203750716,a:BrowPencil_b:NoModel-QuickFillEyebrowPencil-ProdShot-4x5-Quote-Evergreen-V1_c:ProdShot_d:_e:Static_f:PDP_g:250723,120230182211820716,_,fb,Active,Accrual performance,Last non-direct touch,1,,,0.0,,,,0.0
n:Prospecting_o:NC Purchase Event ASC 0% Cap Mixed Products_p:240417 Campaign,120223020203820716,n:Prospecting_o:NC Purchase Event ASC 0% Cap Mixed Products_p:240417 Ad set,120223020203750716,a:Browgel_b:TH1610-Christi-DitchMicrobladingBrowGel-April-A_c:ProdApp_d:_e:Video_f:PDP_g:250604_h:NRTV2025,120227256753900716,_,fb,Paused,Accrual performance,Last non-direct touch,1,0.0,0.0,,0.0,0.0,,
n:Prospecting_o:NC Purchase Event ASC 0% Cap Mixed Products_p:240417 Campaign,120223020203820716,n:Prospecting_o:NC Purchase Event ASC 0% Cap Mixed Products_p:240417 Ad set,120223020203750716,a:IWEL_b:Model-IWEL-ProdShot-ProdApp-1x1-Alondra-Evergreen_c:Model_d:_e:Static_f:PDP_g:250618,120228329968800716,_,fb,Active,Accrual performance,Last non-direct touch,1,0.0,0.0,0.0,0.0,0.0,,0.0
n:Prospecting_o:NC Purchase Event ASC 0% Cap Mixed Products_p:240417 Campaign,120223020203820716,n:Prospecting_o:NC Purchase Event ASC 0% Cap Mixed Products_p:240417 Ad set,120223020203750716,a:IWEL_b:NoModel-IWEL-ProdAnimation-1x1-Iteration-RHM1270V1_c:ProdAnimation_d:_e:Static_f:PDP_g:250611_h:RHM,120227777597530716,_,fb,Paused,Accrual performance,Last non-direct touch,1,0.0,0.0,,0.0,0.0,,
n:Prospecting_o:NC Purchase Event ASC 0% Cap Mixed Products_p:240417 Campaign,120223020203820716,n:Prospecting_o:NC Purchase Event ASC 0% Cap Mixed Products_p:240417 Ad set,120223020203750716,a:LipTint_b:MRusso-ShimmerLipTint-ProdApp-4x5-TalkingHead-V2B-US_c:ProdApp_d:ShimmerLipTint_e:Video_f:PDP_g:250703,120229226196330716,_,fb,Paused,Accrual performance,Last non-direct touch,1,,,0.0,,,,0.0
n:Prospecting_o:NC Purchase Event ASC 0% Cap Mixed Products_p:240417 Campaign,120223020203820716,n:Prospecting_o:NC Purchase Event ASC 0% Cap Mixed Products_p:240417 Ad set,120223020203750716,a:LipTint_b:NoModel-LipTint-Prodshot-1x1-SSLTCreative-US-1_c:ProdShot_d:_e:Static_f:PDP_g:250709,120229513823230716,_,fb,Paused,Accrual performance,Last non-direct touch,1,0.0,0.0,0.0,0.0,0.0,,0.0
n:Prospecting_o:NC Purchase Event ASC 0% Cap Mixed Products_p:240417 Campaign,120223020203820716,n:Prospecting_o:NC Purchase Event ASC 0% Cap Mixed Products_p:240417 Ad set,120223020203750716,a:MultiProd_b:NoModel-MultiProd-ProdShot-1x1-ProductBestSellers-20offPromo-Evergreen USA-V1_c:ProdShot_d:NewCustomerOffer-20%_e:Static_f:MakeupBestSellers_g:250723,120230182350760716,_,fb,Paused,Accrual performance,Last non-direct touch,1,,,0.0,,,,0.0
n:Prospecting_o:Narrative_p:071521_q:Value-Testing-ABO,23848074983730715,i:90d Purchasers LAL 10%_j:Broad_k:CBO_l:230303_m:NRTV-Top Performers - 3_n:5,23853065747110715,a:LipTint_b:TH991-Paige-LipTint-C_c:ProdApp_d:This is the best_e:Video_f:PDP_g:230418_h:NRTV - Copy,23858995152410715,_,fb,Active,Accrual performance,Last non-direct touch,1,0.0,0.0,,0.0,0.0,,
n:Prospecting_o:Narrative_p:071521_q:Value-Testing-ABO,23848074983730715,i:Broad Women_j:Broad_k:CBO_l:240202_m:NRTV-TH939.4O-Clare-BEB-Muna - BCA - Conversions opt,120204267608030716,a:BEB_b:TH939.4O-Clare-BEB-Muna-BCA-B_c:ProdApp_d:This is my favorite_e:Video_f:PDP_g:240202_h:NRTV,120204267608040716,_,fb,Active,Accrual performance,Last non-direct touch,1,0.0,0.0,,0.0,0.0,,
n:Prospecting_o:Testing_p:060724_Testing-ABO,120209839490800716,i:Broad_j:Prospecting_k:ABO_l:240912_m:RHM972,120211809282380716,a:BEB+Eyeliner_b:EMartinez-BEB+Eyeliner-ProdApp-4x5-NA-WaterlineComparison-NA-RHMConceptualFB-RHM972V2_c:ProdApp_d:_e:Video_f:PDP_g:240912,120211809319270716,_,fb,Active,Accrual performance,Last non-direct touch,1,0.0,0.0,,0.0,0.0,,
n:Prospecting_o:Testing_p:060724_Testing-ABO,120209839490800716,i:Broad_j:Prospecting_k:ABO_l:250508_m:NEW Scaling Parking Lot,120225353502190716,a:BEB_b:JKidd-BEB-Prodapp-Lori-4x5-V2_c:ProdApp_d:EyeEnhancing_e:Video_f:PDP_g:250716,120229814525580716,_,fb,Active,Accrual performance,Last non-direct touch,1,3.93,95.0,3.0,0.0,0.0,0.0,24.0
n:Prospecting_o:Testing_p:060724_Testing-ABO,120209839490800716,i:Broad_j:Prospecting_k:ABO_l:250508_m:NEW Scaling Parking Lot,120225353502190716,a:BrowGel_b:Louise-BrowGel-Prodshot-1x1-USBrowGel5ProbSol_c:ProdShot_d:_e:Static_f:PDP_g:250730,120230799220220716,_,fb,Paused,Accrual performance,Last non-direct touch,1,202.969999,6272.0,48.0,0.0,0.0,0.0,0.0
n:Prospecting_o:Testing_p:060724_Testing-ABO,120209839490800716,i:Broad_j:Prospecting_k:ABO_l:250508_m:NEW Scaling Parking Lot,120225353502190716,a:IWEL_b:MRusso-IWEL-Talia-USCA-1x1-V3-US_c:ProdApp_d:_e:Video_f:PDP_g:250723,120230181673840716,_,fb,Paused,Accrual performance,Last non-direct touch,1,,,0.0,,,,0.0
n:Prospecting_o:Testing_p:060724_Testing-ABO,120209839490800716,i:Broad_j:Prospecting_k:ABO_l:250508_m:NEW Scaling Parking Lot,120225353502190716,a:LipMate_b:SPavlos-LipTopper-ProdApp-1x1-SilentApp-V3-US_c:ProdApp_d:KarissaLipMate_e:Video_f:PDP_g:250723,120230181644450716,_,fb,Paused,Accrual performance,Last non-direct touch,1,320.3499999999999,8504.0,100.0,78.29,3.0,0.24438894958639,2379.0
n:Prospecting_o:Testing_p:060724_Testing-ABO,120209839490800716,i:Broad_j:Prospecting_k:ABO_l:250508_m:NEW Scaling Parking Lot,120225353502190716,a:Mascara_b:CCasole-LLEM-ProdApp-1x1-V2-US_c:ProdApp_d:_e:Video_f:PDP_g:250730,120230798912130716,_,fb,Paused,Accrual performance,Last non-direct touch,1,213.29,4770.0,50.0,28.23,1.0,0.1323550096113272,1703.0
n:Prospecting_o:Testing_p:060724_Testing-ABO,120209839490800716,i:Broad_j:Prospecting_k:ABO_l:250508_m:NEW Scaling Parking Lot,120225353502190716,a:Mascara_b:LBarnard-LLEM-USCA-1x1-V4-US_c:ProdApp_d:_e:Video_f:PDP_g:250716,120229814164330716,_,fb,Active,Accrual performance,Last non-direct touch,1,2.2,55.0,2.0,0.0,0.0,0.0,20.0
n:Prospecting_o:Testing_p:060724_Testing-ABO,120209839490800716,i:Broad_j:Prospecting_k:ABO_l:250708_m:RHM1317,120229413537330716,a:LipLiner+LipMate_b:CGilson-LipLiner+LipMate-ProdApp-4x5-KarissaLipTopperLaunchBCATestimonial-Karissa-RHM1317V2_c:ProdApp_d:KarissaLipMate_e:Video_f:PDP_g:250708_h:RHM,120229413731010716,_,fb,Active,Accrual performance,Last non-direct touch,1,,,0.0,,,,0.0
n:Prospecting_o:Testing_p:060724_Testing-ABO,120209839490800716,i:Broad_j:Prospecting_k:ABO_l:250708_m:RHM1317,120229413537330716,a:LipLiner+LipMate_b:CGilson-LipLiner+LipMate-ProdApp-4x5-KarissaLipTopperLaunchBCATestimonial-Karissa-RHM1317V4_c:ProdApp_d:KarissaLipMate_e:Video_f:PDP_g:250708_h:RHM,120229413784930716,_,fb,Active,Accrual performance,Last non-direct touch,1,,,0.0,,,,0.0
n:Prospecting_o:Testing_p:060724_Testing-ABO,120209839490800716,i:Broad_j:Prospecting_k:ABO_l:250708_m:Sets Parking lot*,120229425600700716,a:IWEL_b:NoModel-IWEL-ProdShot-1x1-CreativeCollabRequest1-Evergreen-USA_c:ProdShot_d:_e:Static_f:IWELDuo_g:250708,120229425600710716,_,fb,Active,Accrual performance,Last non-direct touch,1,0.0,0.0,,0.0,0.0,,
n:Prospecting_o:Testing_p:060724_Testing-ABO,120209839490800716,i:Broad_j:Prospecting_k:ABO_l:250715_m:LKiesling BrowPencil,120229709459550716,a:BrowPencil_b:LKiesling-BrowPencil-ProdApp-1x1-Nan-V1-US_c:ProdApp_d:_e:Video_f:PDP_g:250715,120229709459560716,_,fb,Active,Accrual performance,Last non-direct touch,1,447.170001,20721.0,190.0,0.0,0.0,0.0,5727.0
n:Prospecting_o:Testing_p:060724_Testing-ABO,120209839490800716,i:Broad_j:Prospecting_k:ABO_l:250715_m:LKiesling BrowPencil,120229709459550716,a:BrowPencil_b:LKiesling-BrowPencil-ProdApp-1x1-Nan-V2-US_c:ProdApp_d:_e:Video_f:PDP_g:250715,120229709605780716,_,fb,Paused,Accrual performance,Last non-direct touch,1,,,0.0,,,,0.0
n:Prospecting_o:Testing_p:060724_Testing-ABO,120209839490800716,i:Broad_j:Prospecting_k:ABO_l:250715_m:LKiesling BrowPencil,120229709459550716,a:BrowPencil_b:LKiesling-BrowPencil-ProdApp-1x1-Nan-V3-US_c:ProdApp_d:_e:Video_f:PDP_g:250715,120229709673660716,_,fb,Active,Accrual performance,Last non-direct touch,1,75.46,2984.0,41.0,71.07000000000001,2.0,0.9418234826398092,668.0
n:Prospecting_o:Testing_p:060724_Testing-ABO,120209839490800716,i:Broad_j:Prospecting_k:ABO_l:250715_m:RHM1312,120229699438170716,a:BEB+IWEL+LipTint+Mascara_b:HJones-BEB+IWEL+LipTint+Mascara-ProdApp-4x5-RIFBundleBCATestimonial-RHM1312V1_c:ProdApp_d:_e:Video_f:PDP_g:250715_h:RHM,120229699468740716,_,fb,Active,Accrual performance,Last non-direct touch,1,,,0.0,,,,0.0
n:Prospecting_o:Testing_p:060724_Testing-ABO,120209839490800716,i:Broad_j:Prospecting_k:ABO_l:250715_m:RHM1314,120229699068030716,a:LipLiner+LipTint_b:CMazzucco-LipLiner+LipTint-ProdApp-4x5-YLBBBundleBCATestimonial-RHM1314V1_c:ProdApp_d:_e:Video_f:PDP_g:250715_h:RHM,120229699100440716,_,fb,Active,Accrual performance,Last non-direct touch,1,0.0,0.0,,0.0,0.0,,
n:Prospecting_o:Testing_p:060724_Testing-ABO,120209839490800716,i:Broad_j:Prospecting_k:ABO_l:250715_m:RHM1314,120229699068030716,a:LipLiner+LipTint_b:CMazzucco-LipLiner+LipTint-ProdApp-4x5-YLBBBundleBCATestimonial-RHM1314V3_c:ProdApp_d:_e:Video_f:PDP_g:250715_h:RHM,120229699255930716,_,fb,Active,Accrual performance,Last non-direct touch,1,0.0,0.0,,0.0,0.0,,
n:Prospecting_o:Testing_p:060724_Testing-ABO,120209839490800716,i:Broad_j:Prospecting_k:ABO_l:250715_m:RHM1318,120229696862920716,a:BrowPencil_b:CGilson-BrowPencil-ProdApp-4x5-BrowPencilLaunchBCATestimonial-Blanka-RHM1318V1_c:ProdApp_d:_e:Video_f:PDP_g:250715_h:RHM,120229696914230716,_,fb,Active,Accrual performance,Last non-direct touch,1,0.0,0.0,0.0,0.0,0.0,,0.0
n:Prospecting_o:Testing_p:060724_Testing-ABO,120209839490800716,i:Broad_j:Prospecting_k:ABO_l:250715_m:RHM1323,120229691465930716,a:Mascara_b:LSmith-Mascara-ProdShot-1x1-MatureLashRevitalizerLPStatics-RHM1323V2_c:ProdShot_d:_e:Static_f:Mature Lash Revitalizer-LP_g:250715_h:RHM,120229691685040716,_,fb,Active,Accrual performance,Last non-direct touch,1,,,0.0,,,,0.0
n:Prospecting_o:Testing_p:060724_Testing-ABO,120209839490800716,i:Broad_j:Prospecting_k:ABO_l:250715_m:RHM1323,120229691465930716,a:Mascara_b:LSmith-Mascara-ProdShot-1x1-MatureLashRevitalizerLPStatics-RHM1323V3_c:ProdShot_d:_e:Static_f:Mature Lash Revitalizer-LP_g:250715_h:RHM,120229691715070716,_,fb,Active,Accrual performance,Last non-direct touch,1,,,0.0,,,,0.0
n:Prospecting_o:Testing_p:060724_Testing-ABO,120209839490800716,i:Broad_j:Prospecting_k:ABO_l:250722_m:CCasole LLEM,120229903864510716,a:Mascara_b:CCasole-LLEM-ProdApp-1x1-V2-US_c:ProdApp_d:_e:Video_f:PDP_g:250722,120229904101510716,_,fb,Active,Accrual performance,Last non-direct touch,1,,,0.0,,,,0.0
n:Prospecting_o:Testing_p:060724_Testing-ABO,120209839490800716,i:Broad_j:Prospecting_k:ABO_l:250722_m:CCasole LLEM,120229903864510716,a:Mascara_b:CCasole-LLEM-ProdApp-1x1-V3-US_c:ProdApp_d:_e:Video_f:PDP_g:250722,120229904211410716,_,fb,Active,Accrual performance,Last non-direct touch,1,,,0.0,,,,0.0
n:Prospecting_o:Testing_p:060724_Testing-ABO,120209839490800716,i:Broad_j:Prospecting_k:ABO_l:250722_m:RHM1307,120230005990850716,a:LipTint_b:NoModel-LipTint-ProdShot-1x1-NewVisuals-RHM1307V10_c:ProdShot_d:_e:Static_f:LipTintDuo_g:250722_h:RHM,120230006030320716,_,fb,Paused,Accrual performance,Last non-direct touch,1,,,0.0,,,,0.0
n:Prospecting_o:Testing_p:060724_Testing-ABO,120209839490800716,i:Broad_j:Prospecting_k:ABO_l:250722_m:RHM1307,120230005990850716,a:LipTint_b:NoModel-LipTint-ProdShot-1x1-NewVisuals-RHM1307V1_c:ProdShot_d:_e:Static_f:LipTintDuo_g:250722_h:RHM,120230006153630716,_,fb,Active,Accrual performance,Last non-direct touch,1,86.51,6955.0,42.0,22.05,1.0,0.2548838284591376,0.0
n:Prospecting_o:Testing_p:060724_Testing-ABO,120209839490800716,i:Broad_j:Prospecting_k:ABO_l:250722_m:RHM1307,120230005990850716,a:LipTint_b:NoModel-LipTint-ProdShot-1x1-NewVisuals-RHM1307V2_c:ProdShot_d:_e:Static_f:LipTintDuo_g:250722_h:RHM,120230006199740716,_,fb,Paused,Accrual performance,Last non-direct touch,1,,,0.0,,,,0.0
n:Prospecting_o:Testing_p:060724_Testing-ABO,120209839490800716,i:Broad_j:Prospecting_k:ABO_l:250722_m:RHM1307,120230005990850716,a:LipTint_b:NoModel-LipTint-ProdShot-1x1-NewVisuals-RHM1307V3_c:ProdShot_d:_e:Static_f:LipTintDuo_g:250722_h:RHM,120230006261530716,_,fb,Active,Accrual performance,Last non-direct touch,1,110.39,5317.0,30.0,0.0,0.0,0.0,0.0
n:Prospecting_o:Testing_p:060724_Testing-ABO,120209839490800716,i:Broad_j:Prospecting_k:ABO_l:250722_m:RHM1307,120230005990850716,a:LipTint_b:NoModel-LipTint-ProdShot-1x1-NewVisuals-RHM1307V4_c:ProdShot_d:_e:Static_f:LipTintDuo_g:250722_h:RHM,120230006345910716,_,fb,Active,Accrual performance,Last non-direct touch,1,267.86000199999995,11317.0,82.0,53.46,1.0,0.1995818696365126,0.0
n:Prospecting_o:Testing_p:060724_Testing-ABO,120209839490800716,i:Broad_j:Prospecting_k:ABO_l:250722_m:RHM1307,120230005990850716,a:LipTint_b:NoModel-LipTint-ProdShot-1x1-NewVisuals-RHM1307V9_c:ProdShot_d:_e:Static_f:LipTintDuo_g:250722_h:RHM,120230006396340716,_,fb,Active,Accrual performance,Last non-direct touch,1,279.42,10487.0,78.0,226.96,3.0,0.8122539546202847,0.0
n:Prospecting_o:Testing_p:060724_Testing-ABO,120209839490800716,i:Broad_j:Prospecting_k:ABO_l:250722_m:RHM1324,120230000745800716,a:Mascara_b:MRostamian-Mascara-ProdApp-4x5-BCATestimonial-RHM1324V1_c:ProdApp_d:_e:Video_f:PDP_g:250722_h:RHM,120230000745780716,_,fb,Active,Accrual performance,Last non-direct touch,1,,,0.0,,,,0.0
n:Prospecting_o:Testing_p:060724_Testing-ABO,120209839490800716,i:Broad_j:Prospecting_k:ABO_l:250722_m:RHM1324,120230000745800716,a:Mascara_b:MRostamian-Mascara-ProdApp-4x5-BCATestimonial-RHM1324V2_c:ProdApp_d:_e:Video_f:PDP_g:250722_h:RHM,120230000825010716,_,fb,Active,Accrual performance,Last non-direct touch,1,,,0.0,,,,0.0
n:Prospecting_o:Testing_p:060724_Testing-ABO,120209839490800716,i:Broad_j:Prospecting_k:ABO_l:250722_m:RHM1327,120229998538600716,"Ad ID: 12023000, Adset ID: 120229998538600716, Campaign ID: 120209839490800716",12023000,_,fb,,Accrual performance,Last non-direct touch,1,0.0,0.0,,0.0,0.0,,
n:Prospecting_o:Testing_p:060724_Testing-ABO,120209839490800716,i:Broad_j:Prospecting_k:ABO_l:250722_m:RHM1327,120229998538600716,a:Mascara_b:NoModel-Mascara-ProdShot-1x1-SummerOccasionSeekerLPStatics-NA-RHM1327V1_c:ProdShot_d:_e:Static_f:SummerOccasion-LP_g:250722_h:RHM,120229998538580716,_,fb,Paused,Accrual performance,Last non-direct touch,1,,,0.0,,,,0.0
n:Prospecting_o:Testing_p:060724_Testing-ABO,120209839490800716,i:Broad_j:Prospecting_k:ABO_l:250722_m:RHM1327,120229998538600716,a:Mascara_b:NoModel-Mascara-ProdShot-1x1-SummerOccasionSeekerLPStatics-NA-RHM1327V2_c:ProdShot_d:_e:Static_f:SummerOccasion-LP_g:250722_h:RHM,120229999887490716,_,fb,Active,Accrual performance,Last non-direct touch,1,365.68999999999994,28235.0,155.0,397.42,6.0,1.0867674806530123,0.0
n:Prospecting_o:Testing_p:060724_Testing-ABO,120209839490800716,i:Broad_j:Prospecting_k:ABO_l:250722_m:RHM1327,120229998538600716,a:Mascara_b:NoModel-Mascara-ProdShot-1x1-SummerOccasionSeekerLPStatics-NA-RHM1327V3_c:ProdShot_d:_e:Static_f:SummerOccasion-LP_g:250722_h:RHM,120230000089470716,_,fb,Active,Accrual performance,Last non-direct touch,1,182.7,13188.0,92.0,225.38,5.0,1.233607006020799,0.0
n:Prospecting_o:Testing_p:060724_Testing-ABO,120209839490800716,i:Broad_j:Prospecting_k:ABO_l:250722_m:RHM1327,120229998538600716,a:Mascara_b:NoModel-Mascara-ProdShot-1x1-SummerOccasionSeekerLPStatics-NA-RHM1327V4_c:ProdShot_d:_e:Static_f:SummerOccasion-LP_g:250722_h:RHM,120230000210120716,_,fb,Paused,Accrual performance,Last non-direct touch,1,0.0,0.0,0.0,0.0,0.0,,0.0
n:Prospecting_o:Testing_p:060724_Testing-ABO,120209839490800716,i:Broad_j:Prospecting_k:ABO_l:250722_m:RHM1347,120230008144020716,a:BEB_b:MRostamian-BEB-ProdApp-4x5-BCATestimonial-RHM1347V1_c:ProdApp_d:_e:Video_f:PDP_g:250722_h:RHM,120230008144040716,_,fb,Active,Accrual performance,Last non-direct touch,1,,,0.0,,,,0.0
n:Prospecting_o:Testing_p:060724_Testing-ABO,120209839490800716,i:Broad_j:Prospecting_k:ABO_l:250722_m:WAlcala BEB,120229904384650716,a:BEB_b:WAlcala-BEB-ProdApp-1x1-Pili-V1-US_c:ProdApp_d:_e:Video_f:PDP_g:250722,120229904384630716,_,fb,Paused,Accrual performance,Last non-direct touch,1,,,0.0,,,,0.0
n:Prospecting_o:Testing_p:060724_Testing-ABO,120209839490800716,i:Broad_j:Prospecting_k:ABO_l:250722_m:WAlcala BEB,120229904384650716,a:BEB_b:WAlcala-BEB-ProdApp-1x1-Pili-V2-US_c:ProdApp_d:_e:Video_f:PDP_g:250722,120229904583850716,_,fb,Active,Accrual performance,Last non-direct touch,1,128.27,3238.0,101.0,95.0,1.0,0.7406252436267247,992.0
n:Prospecting_o:Testing_p:060724_Testing-ABO,120209839490800716,i:Broad_j:Prospecting_k:ABO_l:250722_m:WAlcala BEB,120229904384650716,a:BEB_b:WAlcala-BEB-ProdApp-1x1-Pili-V3-US_c:ProdApp_d:_e:Video_f:PDP_g:250722,120229904603450716,_,fb,Active,Accrual performance,Last non-direct touch,1,440.17,7562.0,231.0,109.75,2.0,0.2493354840175386,2706.0
n:Prospecting_o:Testing_p:060724_Testing-ABO,120209839490800716,i:Broad_j:Prospecting_k:ABO_l:250724_m:CDill BEB Muna,120230287061600716,a:BEB_b:CDill-BEB-ProdApp-1x1-Muna-V1-US_c:ProdApp_d:Recreate_e:Video_f:PDP_g:250724,120230287061570716,_,fb,Paused,Accrual performance,Last non-direct touch,1,,,0.0,,,,0.0
n:Prospecting_o:Testing_p:060724_Testing-ABO,120209839490800716,i:Broad_j:Prospecting_k:ABO_l:250724_m:CDill BEB Muna,120230287061600716,a:BEB_b:CDill-BEB-ProdApp-1x1-Muna-V2-US_c:ProdApp_d:Recreate_e:Video_f:PDP_g:250724,120230287061580716,_,fb,Active,Accrual performance,Last non-direct touch,1,18.82,285.0,12.0,0.0,0.0,0.0,65.0
n:Prospecting_o:Testing_p:060724_Testing-ABO,120209839490800716,i:Broad_j:Prospecting_k:ABO_l:250724_m:CDill BEB Muna,120230287061600716,a:BEB_b:CDill-BEB-ProdApp-1x1-Muna-V3-US_c:ProdApp_d:Recreate_e:Video_f:PDP_g:250724,120230287061590716,_,fb,Active,Accrual performance,Last non-direct touch,1,526.5500000000001,10755.0,193.0,323.51,8.0,0.6143955939606874,2676.0
n:Prospecting_o:Testing_p:060724_Testing-ABO,120209839490800716,i:Broad_j:Prospecting_k:ABO_l:250729_m:Brow Gel CC Requests,120230086264210716,a:BrowGel_b:NoModel-BrowGel-Prodshot-1x1-USBrowGel1(Differentiators)_c:ProdShot_d:_e:Static_f:PDP_g:250729,120230086264190716,_,fb,Active,Accrual performance,Last non-direct touch,1,66.17,2396.0,15.0,0.0,0.0,0.0,0.0
n:Prospecting_o:Testing_p:060724_Testing-ABO,120209839490800716,i:Broad_j:Prospecting_k:ABO_l:250729_m:Brow Gel CC Requests,120230086264210716,a:BrowGel_b:NoModel-BrowGel-Prodshot-1x1-USBrowGel2(Award-winning)_c:ProdShot_d:_e:Static_f:PDP_g:250729,120230086373400716,_,fb,Active,Accrual performance,Last non-direct touch,1,292.46999999999997,9593.0,67.0,306.48,6.0,1.0479023489588677,0.0
n:Prospecting_o:Testing_p:060724_Testing-ABO,120209839490800716,i:Broad_j:Prospecting_k:ABO_l:250729_m:Brow Gel CC Requests,120230086264210716,a:BrowGel_b:NoModel-BrowGel-Prodshot-1x1-USBrowGel3(Review)_c:ProdShot_d:_e:Static_f:PDP_g:250729,120230086387430716,_,fb,Active,Accrual performance,Last non-direct touch,1,158.74,5627.0,50.0,72.28,3.0,0.4553357691823106,0.0
n:Prospecting_o:Testing_p:060724_Testing-ABO,120209839490800716,i:Broad_j:Prospecting_k:ABO_l:250729_m:KHeitzman BEB,120230086240620716,a:BEB_b:KHeitzman-BEB-ProdApp-1x1-Hazel-V1-US_c:ProdApp_d:_e:Video_f:PDP_g:250729,120230086240610716,_,fb,Active,Accrual performance,Last non-direct touch,1,245.21999999999997,4103.0,61.0,186.03,2.0,0.758624908245657,941.0
n:Prospecting_o:Testing_p:060724_Testing-ABO,120209839490800716,i:Broad_j:Prospecting_k:ABO_l:250729_m:KHeitzman BEB,120230086240620716,a:BEB_b:KHeitzman-BEB-ProdApp-1x1-Hazel-V2-US_c:ProdApp_d:_e:Video_f:PDP_g:250729 - Copy,120230086547690716,_,fb,Active,Accrual performance,Last non-direct touch,1,156.52000000000004,3719.0,64.0,104.76,2.0,0.669307436749297,747.0
n:Prospecting_o:Testing_p:060724_Testing-ABO,120209839490800716,i:Broad_j:Prospecting_k:ABO_l:250729_m:KHeitzman BEB,120230086240620716,a:BEB_b:KHeitzman-BEB-ProdApp-1x1-Hazel-V3-US_c:ProdApp_d:_e:Video_f:PDP_g:250729,120230086610450716,_,fb,Active,Accrual performance,Last non-direct touch,1,135.26000000000002,2675.0,66.0,103.61,1.0,0.7660062102617181,613.0
n:Prospecting_o:Testing_p:060724_Testing-ABO,120209839490800716,i:Broad_j:Prospecting_k:ABO_l:250729_m:MRusso BEB Muna,120230086182310716,a:BEB_b:MRusso-BEB-ProdApp-1x1-Muna-V1-US_c:ProdApp_d:_e:Video_f:PDP_g:250729,120230086182340716,_,fb,Active,Accrual performance,Last non-direct touch,1,69.04,4274.0,38.0,107.53,2.0,1.5575028968713789,905.0
n:Prospecting_o:Testing_p:060724_Testing-ABO,120209839490800716,i:Broad_j:Prospecting_k:ABO_l:250729_m:MRusso BEB Muna,120230086182310716,a:BEB_b:MRusso-BEB-ProdApp-1x1-Muna-V3-US_c:ProdApp_d:_e:Video_f:PDP_g:250729,120230087509670716,_,fb,Active,Accrual performance,Last non-direct touch,1,114.59000000000002,6979.0,46.0,69.02000000000001,2.0,0.6023213194868661,2330.0
n:Prospecting_o:Testing_p:060724_Testing-ABO,120209839490800716,i:Broad_j:Prospecting_k:ABO_l:250729_m:MRusso BEB Muna,120230086182310716,a:BEB_b:MRusso-BEB-ProdApp-4x5-Muna-V2-US_c:ProdApp_d:_e:Video_f:PDP_g:250729,120230087507700716,_,fb,Active,Accrual performance,Last non-direct touch,1,334.0199999999999,13631.0,127.0,440.16,8.0,1.3177654032692656,4120.0
n:Prospecting_o:Testing_p:060724_Testing-ABO,120209839490800716,i:Broad_j:Prospecting_k:ABO_l:250729_m:RHM1328,120230643453220716,a:Mascara_b:MultiModel-Mascara-ProdApp-4x5-ProbSolMatureRefresh-RHM1328V1_c:ProdApp_d:_e:Video_f:PDP_g:250729_h:RHM,120230643453230716,_,fb,Active,Accrual performance,Last non-direct touch,1,3.81,161.0,0.0,0.0,0.0,0.0,43.0
n:Prospecting_o:Testing_p:060724_Testing-ABO,120209839490800716,i:Broad_j:Prospecting_k:ABO_l:250729_m:RHM1328,120230643453220716,a:Mascara_b:MultiModel-Mascara-ProdApp-4x5-ProbSolMatureRefresh-RHM1328V2_c:ProdApp_d:_e:Video_f:PDP_g:250729_h:RHM,120230643813750716,_,fb,Active,Accrual performance,Last non-direct touch,1,508.90000000000015,20523.0,195.0,295.74,7.0,0.581135783061505,10028.0
n:Prospecting_o:Testing_p:060724_Testing-ABO,120209839490800716,i:Broad_j:Prospecting_k:ABO_l:250729_m:RHM1333,120230643955010716,a:Mascara_b:CMazzucco-Mascara-ProdApp-4x5-BCATestimonial-RHM1333V1_c:ProdApp_d:_e:Video_f:PDP_g:250729_h:RHM,120230643955020716,_,fb,Active,Accrual performance,Last non-direct touch,1,434.96,15269.0,117.0,179.51999999999998,5.0,0.4127276071362883,4986.0
n:Prospecting_o:Testing_p:060724_Testing-ABO,120209839490800716,i:Broad_j:Prospecting_k:ABO_l:250729_m:RHM1333,120230643955010716,a:Mascara_b:CMazzucco-Mascara-ProdApp-4x5-BCATestimonial-RHM1333V2_c:ProdApp_d:_e:Video_f:PDP_g:250729_h:RHM,120230644165270716,_,fb,Active,Accrual performance,Last non-direct touch,1,97.68000000000005,2844.0,42.0,133.56,2.0,1.3673218673218668,785.0
n:Prospecting_o:Testing_p:060724_Testing-ABO,120209839490800716,i:Broad_j:Prospecting_k:ABO_l:250729_m:RHM1335,120230001584710716,a:BEB+IWEL+LipTint+Mascara_b:-BEB+IWEL+LipTint+Mascara-ProdShot-1x1-RIFBundleAdapt-RHM1335V1_c:ProdShot_d:_e:Static_f:PDP_g:250729_h:RHM,120230001584700716,_,fb,Active,Accrual performance,Last non-direct touch,1,0.35,14.0,0.0,0.0,0.0,0.0,0.0
n:Prospecting_o:Testing_p:060724_Testing-ABO,120209839490800716,i:Broad_j:Prospecting_k:ABO_l:250729_m:RHM1335,120230001584710716,a:BEB+IWEL+LipTint+Mascara_b:-BEB+IWEL+LipTint+Mascara-ProdShot-1x1-RIFBundleAdapt-RHM1335V2_c:ProdShot_d:_e:Static_f:PDP_g:250729_h:RHM,120230001665420716,_,fb,Active,Accrual performance,Last non-direct touch,1,0.91,87.0,0.0,0.0,0.0,0.0,0.0
n:Prospecting_o:Testing_p:060724_Testing-ABO,120209839490800716,i:Broad_j:Prospecting_k:ABO_l:250729_m:RHM1335,120230001584710716,a:BEB+IWEL+LipTint+Mascara_b:-BEB+IWEL+LipTint+Mascara-ProdShot-1x1-RIFBundleAdapt-RHM1335V3_c:ProdShot_d:_e:Static_f:PDP_g:250729_h:RHM,120230002019130716,_,fb,Paused,Accrual performance,Last non-direct touch,1,704.4800000000001,28975.0,389.0,1288.9699999999998,15.0,1.829675789234612,0.0
n:Prospecting_o:Testing_p:060724_Testing-ABO,120209839490800716,i:Broad_j:Prospecting_k:ABO_l:250729_m:RHM1335,120230001584710716,a:BEB+IWEL+LipTint+Mascara_b:-BEB+IWEL+LipTint+Mascara-ProdShot-1x1-RIFBundleAdapt-RHM1335V4_c:ProdShot_d:_e:Static_f:PDP_g:250729_h:RHM,120230002041620716,_,fb,Paused,Accrual performance,Last non-direct touch,1,7.83,364.0,3.0,88.78,1.0,11.338441890166028,0.0
n:Prospecting_o:Testing_p:060724_Testing-ABO,120209839490800716,i:Broad_j:Prospecting_k:ABO_l:250729_m:RHM1337,120230002227550716,a:LipMate_b:BCaswell-LipMate-ProdApp-4x5-KarissaLipTopperLaunchTestimonial-Karissa-RHM1337V1_c:ProdApp_d:_e:Video_f:PDP_g:250729,120230653451160716,_,fb,Active,Accrual performance,Last non-direct touch,1,554.1,11406.0,321.0,119.4,3.0,0.2154845695722793,3614.0
n:Prospecting_o:Testing_p:060724_Testing-ABO,120209839490800716,i:Broad_j:Prospecting_k:ABO_l:250729_m:RHM1337,120230002227550716,a:LipMate_b:BCaswell-LipMate-ProdApp-4x5-KarissaLipTopperLaunchTestimonial-Karissa-RHM1337V2_c:ProdApp_d:_e:Video_f:PDP_g:250729,120230653657020716,_,fb,Active,Accrual performance,Last non-direct touch,1,35.07999999999999,2094.0,64.0,0.0,0.0,0.0,568.0
n:Prospecting_o:Testing_p:060724_Testing-ABO,120209839490800716,i:Broad_j:Prospecting_k:ABO_l:250729_m:RHM1337,120230002227550716,a:LipMate_b:BCaswell-LipMate-ProdApp-4x5-KarissaLipTopperLaunchTestimonial-Karissa-RHM1337V3_c:ProdApp_d:_e:Video_f:PDP_g:250729,120230653780230716,_,fb,Active,Accrual performance,Last non-direct touch,1,104.69,3979.0,164.0,20.8,1.0,0.1986818225236412,1342.0
n:Prospecting_o:Testing_p:060724_Testing-ABO,120209839490800716,i:Broad_j:Prospecting_k:ABO_l:250729_m:RHM1337,120230002227550716,a:LipMate_b:BCaswell-LipMate-ProdApp-4x5-KarissaLipTopperLaunchTestimonial-Karissa-RHM1337V4_c:ProdApp_d:_e:Video_f:PDP_g:250729,120230653861240716,_,fb,Active,Accrual performance,Last non-direct touch,1,63.370000000000005,3280.0,77.0,66.41,2.0,1.0479722266056493,721.0
n:Prospecting_o:Testing_p:060724_Testing-ABO,120209839490800716,i:Broad_j:Prospecting_k:ABO_l:250729_m:RHM1339,120230644749860716,a:Mascara_b:MultiModel-Mascara-ProdApp-4x5-ExplainerCutDownScales-RHM1339V1_c:ProdApp_d:_e:Video_f:PDP_g:250729_h:RHM,120230644749850716,_,fb,Active,Accrual performance,Last non-direct touch,1,104.88,3335.0,41.0,27.82,1.0,0.265255530129672,900.0
n:Prospecting_o:Testing_p:060724_Testing-ABO,120209839490800716,i:Broad_j:Prospecting_k:ABO_l:250729_m:RHM1339,120230644749860716,a:Mascara_b:MultiModel-Mascara-ProdApp-4x5-ExplainerCutDownScales-RHM1339V2_c:ProdApp_d:_e:Video_f:PDP_g:250729_h:RHM,120230645089450716,_,fb,Active,Accrual performance,Last non-direct touch,1,122.47,4762.0,23.0,55.18,2.0,0.450559320649955,1603.0
n:Prospecting_o:Testing_p:060724_Testing-ABO,120209839490800716,i:Broad_j:Prospecting_k:ABO_l:250729_m:RHM1339,120230644749860716,a:Mascara_b:MultiModel-Mascara-ProdApp-4x5-ExplainerCutDownScales-RHM1339V3_c:ProdApp_d:_e:Video_f:PDP_g:250729_h:RHM,120230645223500716,_,fb,Active,Accrual performance,Last non-direct touch,1,288.46,7003.0,56.0,54.0,1.0,0.1872009984053248,2384.0
n:Prospecting_o:Testing_p:060724_Testing-ABO,120209839490800716,i:Broad_j:Prospecting_k:ABO_l:250729_m:RHM1339,120230644749860716,a:Mascara_b:MultiModel-Mascara-ProdApp-4x5-ExplainerCutDownScales-RHM1339V4_c:ProdApp_d:_e:Video_f:PDP_g:250729_h:RHM,120230645391770716,_,fb,Active,Accrual performance,Last non-direct touch,1,208.95000000000005,3454.0,47.0,134.25,3.0,0.6424982053122755,1429.0
n:Prospecting_o:Testing_p:060724_Testing-ABO,120209839490800716,i:Broad_j:Prospecting_k:ABO_l:250729_m:RHM1346,120230647287840716,a:LipTint_b:CMazzucco-LipTint-ProdApp-4x5-BCATestimonial-RHM1346V1_c:ProdApp_d:_e:Video_f:PDP_g:250729_h:RHM,120230647287850716,_,fb,Active,Accrual performance,Last non-direct touch,1,507.6599999999999,18320.0,163.0,260.82,4.0,0.5137690580309657,5075.0
n:Prospecting_o:Testing_p:060724_Testing-ABO,120209839490800716,i:Broad_j:Prospecting_k:ABO_l:250729_m:RHM1346,120230647287840716,a:LipTint_b:CMazzucco-LipTint-ProdApp-4x5-BCATestimonial-RHM1346V2_c:ProdApp_d:_e:Video_f:PDP_g:250729_h:RHM,120230647926410716,_,fb,Active,Accrual performance,Last non-direct touch,1,25.99,1103.0,19.0,49.91,1.0,1.9203539823008848,327.0
n:Prospecting_o:Testing_p:060724_Testing-ABO,120209839490800716,i:Broad_j:Prospecting_k:ABO_l:250729_m:RHM1354,120230646363420716,a:BEB_b:CDill-BEB-ProdApp-4x5-BCAPerfectforSummerTestimonial-RHM1354V2_c:ProdApp_d:_e:Video_f:PDP_g:250729_h:RHM,120230646799570716,_,fb,Active,Accrual performance,Last non-direct touch,1,688.420001,20286.0,246.0,444.94000000000005,9.0,0.6463205591843344,4937.0
n:Prospecting_o:Testing_p:060724_Testing-ABO,120209839490800716,i:Broad_j:Prospecting_k:ABO_l:250729_m:RHM1354,120230646363420716,a:BEB_b:CDill-BEB-ProdApp-4x5-BCAPerfectforSummerTestimonial-RHM1354V3_c:ProdApp_d:_e:Video_f:PDP_g:250729_h:RHM,120230646927260716,_,fb,Active,Accrual performance,Last non-direct touch,1,33.01,969.0,12.0,52.02,1.0,1.5758860951226903,250.0
n:Prospecting_o:Traffic Consideration LLEM Full Funnel Test_p:250801,120230084679080716,i:W45+ LAL 180D Purchasers_j:Prospecting_k:ABO_l:250801_m:Traffic LPV- LLEM Full Funnel Test,120230084679190716,a:Mascara_b:AElliot-LLEM-ProdApp-1x1-UpperFun-V2-US_c:ProdApp_d:LLEMFullFunnelTest-WearTest_e:Video_f:PDP_g:250801,120230393486630716,_,fb,Active,Accrual performance,Last non-direct touch,1,666.7999989999998,29484.0,1280.0,0.0,0.0,0.0,9996.0
n:Prospecting_o:Traffic Consideration LLEM Full Funnel Test_p:250801,120230084679080716,i:W45+ LAL 180D Purchasers_j:Prospecting_k:ABO_l:250801_m:Traffic LPV- LLEM Full Funnel Test,120230084679190716,a:Mascara_b:JStorment LLEM-UpperFunnelTest-4x5-V1-US_c:ProdApp_d:LLEMFullFunnelTest-WearTest_e:Video_f:PDP_g:250801,120230393903860716,_,fb,Active,Accrual performance,Last non-direct touch,1,330.04999899999996,12976.0,598.0,0.0,0.0,0.0,6945.0
n:Prospecting_o:Traffic Consideration LLEM Full Funnel Test_p:250801,120230084679080716,i:W45+ LAL 180D Purchasers_j:Prospecting_k:ABO_l:250801_m:Traffic LPV- LLEM Full Funnel Test,120230084679190716,a:Mascara_b:NoModel-LLEM-ProdShot-1x1-RepurposedCarousel_c:ProdShot_d:LLEMFullFunnelTest-Education_e:Carousel_f:PDP_g:250801,120230840910000716,_,fb,Active,Accrual performance,Last non-direct touch,1,48.279999999999994,6686.0,113.0,0.0,0.0,0.0,0.0
n:Prospecting_o:Traffic Consideration LLEM Full Funnel Test_p:250801,120230084679080716,i:W45-54_j:Prospecting_k:ABO_l:250801_m:Demo Traffic LPV- LLEM Full Funnel Test,120230084863870716,a:Mascara_b:AElliot-LLEM-ProdApp-1x1-UpperFun-V2-US_c:ProdApp_d:LLEMFullFunnelTest-WearTest_e:Video_f:PDP_g:250801,120230843245910716,_,fb,Active,Accrual performance,Last non-direct touch,1,1210.34,77343.0,1933.0,0.0,0.0,0.0,16933.0
n:Prospecting_o:Traffic Consideration LLEM Full Funnel Test_p:250801,120230084679080716,i:W45-54_j:Prospecting_k:ABO_l:250801_m:Demo Traffic LPV- LLEM Full Funnel Test,120230084863870716,a:Mascara_b:JKelly-LLEM-ProdApp-1x1-UpperFun-V1-US_c:ProdApp_d:LLEMFullFunnelTest-Education_e:Video_f:PDP_g:250801*bug,120230843245880716,_,fb,Paused,Accrual performance,Last non-direct touch,1,687.3100000000001,44067.0,1373.0,0.0,0.0,0.0,5513.0
n:Prospecting_o:Traffic Consideration LLEM Full Funnel Test_p:250801,120230084679080716,i:W45-54_j:Prospecting_k:ABO_l:250801_m:Demo Traffic LPV- LLEM Full Funnel Test,120230084863870716,a:Mascara_b:JStorment LLEM-UpperFunnelTest-4x5-V1-US_c:ProdApp_d:LLEMFullFunnelTest-WearTest_e:Video_f:PDP_g:250801,120230843245890716,_,fb,Active,Accrual performance,Last non-direct touch,1,470.62000000000006,25162.0,773.0,0.0,0.0,0.0,10497.0
n:Prospecting_o:Traffic Consideration LLEM Full Funnel Test_p:250801,120230084679080716,i:W45-54_j:Prospecting_k:ABO_l:250801_m:Demo Traffic LPV- LLEM Full Funnel Test,120230084863870716,a:Mascara_b:NoModel-LLEM-ProdShot-1x1-RepurposedCarousel_c:ProdShot_d:LLEMFullFunnelTest-Education_e:Carousel_f:PDP_g:250801,120230843245900716,_,fb,Active,Accrual performance,Last non-direct touch,1,143.93,25664.0,334.0,0.0,0.0,0.0,0.0
n:Remarketing_o:9/14-9/15 Free Shipping Promo ABO Campaign_p:240914,120211980897390716,i:Q4 2022+Q4 2023_j:Remarketing_k:ABO_l:240914_m:9/14-9/15 Free Shipping Promo,120211980897440716,a:MultiProd_b:NoModel-MultiProd-ProdShot-1x1-FreeShipPSA-FreeShipPromo_c:ProdShot_d:PSAFreeShip_e:Static_f:BestSellers_g:240914,120211980994590716,_,fb,Active,Accrual performance,Last non-direct touch,1,0.0,0.0,,0.0,0.0,,
n:Remarketing_o:BEB Matte + Topper Launch CBO Campaign_p:240925,120212266688180716,i:AllPurchasers_j:Remarketing BEB Mattes Launch_k:CBO_l:240925_m: Statics Grids V2,120212650491120716,a:BEB_b:MultiModel-BEB-Model-1x1-TRACY-MATTELAUNCH_c:ProdApp_d:NEWMatteShades_e:Static_f:PDP_g:240925,120212932648250716,_,fb,Paused,Accrual performance,Last non-direct touch,1,0.0,0.0,,0.0,0.0,,
n:Remarketing_o:BEB Matte + Topper Launch CBO Campaign_p:240925,120212266688180716,i:AllPurchasers_j:Remarketing BEB Mattes Launch_k:CBO_l:240925_m:Static Grids,120212267287560716,a:BEB_b:MultiModel-BEB-Model-1x1-TRACY-MATTELAUNCH_c:ProdApp_d:NEWMatteShades_e:Static_f:PDP_g:240925,120212267342840716,_,fb,Paused,Accrual performance,Last non-direct touch,1,0.0,0.0,,0.0,0.0,,
n:Remarketing_o:BEB Matte + Topper Launch CBO Campaign_p:240925,120212266688180716,i:AllPurchasers_j:Remarketing BEB Toppers Launch_k:CBO_l:241008_m:Internal Video,120212650808490716,a:BEB_b:KBodnar-BEB-ProdApp-1x1-Hype-MatteLaunch-V3_c:ProdApp_d:NEWMatteShades_e:Video_f:PDP_g:250123,120215365066830716,_,fb,Active,Accrual performance,Last non-direct touch,1,0.0,0.0,,0.0,0.0,,
n:Remarketing_o:BEB Matte + Topper Launch CBO Campaign_p:240925,120212266688180716,i:AllPurchasers_j:Remarketing BEB Toppers Launch_k:CBO_l:241023_m:SPavlos Internal,120212930310480716,a:BEB_b:SPavlos-BEB-ProdApp-1x1-Shade Marylin-TopperLaunch-V2_c:ProdApp_d:NEWChromeShades_e:Video_f:PDP_g:241023,120212930520670716,_,fb,Paused,Accrual performance,Last non-direct touch,1,0.0,0.0,,0.0,0.0,,
n:Remarketing_o:Manual 7/19-7/20 Up to 40% off + Free Shipping Promo_p:250719,120229819015910716,i:AllPurchasers_j:Remarketing_k:ABO_l:250719_m:7/19-7/20 Up to 40% off + Free Shipping Promo,120229819015890716,a:MultiProd_b:NoModel-MultiProd-1x1-PSA-FreeShippingPromo-US-Remarketing_c:ProdShot_d:Promo_e:Static_f:MakeupBestSellers_g:250719,120229819016020716,_,fb,Active,Accrual performance,Last non-direct touch,1,0.0,0.0,,0.0,0.0,,
n:Remarketing_o:Manual 7/19-7/20 Up to 40% off + Free Shipping Promo_p:250719,120229819015910716,i:AllPurchasers_j:Remarketing_k:ABO_l:250719_m:7/19-7/20 Up to 40% off + Free Shipping Promo,120229819015890716,a:MultiProd_b:NoModel-MultiProd-Prodshot-1x1-US-40%Off+FreeShippingv1_c:ProdShot_d:Promo_e:Static_f:SaveOnSelectProducts_g:250719,120229819426180716,_,fb,Active,Accrual performance,Last non-direct touch,1,0.0,0.0,,0.0,0.0,,
n:Remarketing_o:Manual 7/4-7/6 4th of July Promo_p:250704,120229108125790716,i:AllPurchasers_j:Remarketing_k:ABO_l:250704_m:7/4-7/6 4th of July Promo,120229108125780716,a:NoProd_b:NoModel-NoProduct-1x1-4thOfJulySale-15%OffFreeShippingSitewide_c:Animation_d:Promo_e:Static_f:MakeupBestSellers_g:250704,120229108451400716,_,fb,Active,Accrual performance,Last non-direct touch,1,0.0,0.0,,0.0,0.0,,
n:Remarketing_o:Manual 7/4-7/6 4th of July Promo_p:250704,120229108125790716,i:AllPurchasers_j:Remarketing_k:ABO_l:250704_m:7/4-7/6 4th of July Promo,120229108125780716,a:NoProd_b:NoModel-NoProduct-1x1-4thOfJulySaleNoteApp-15%OffFreeShippingSitewide_c:Animation_d:Promo_e:Static_f:MakeupBestSellers_g:250704,120229108320370716,_,fb,Active,Accrual performance,Last non-direct touch,1,0.0,0.0,,0.0,0.0,,
n:Remarketing_o:Manual 8/2-8/3/25 Summer sets Price Drop + Free Shipping Promo_p:250802,120230909338440716,i:AllPurchasers_j:Remarketing_k:CBO_l:250802_m:8/2-8/3/25 Summer sets Price Drop + Free Shipping Promo,120230909895640716,a:Empowermatte+PlumpingGloss_b:NoModel-SSLPPG+LipstickCrayon-Prodshot-1x1-USSummerSetsDrop-SummerLipEssentials_c:ProdShot_d:Promo_e:Static_f:SummerLipEssentialsSet_g:250802,120230909895680716,_,fb,Active,Accrual performance,Last non-direct touch,1,2789.0800010000003,212033.0,1481.0,5032.39,73.0,1.8043189862591535,0.0
n:Remarketing_o:Manual 8/2-8/3/25 Summer sets Price Drop + Free Shipping Promo_p:250802,120230909338440716,i:AllPurchasers_j:Remarketing_k:CBO_l:250802_m:8/2-8/3/25 Summer sets Price Drop + Free Shipping Promo,120230909895640716,a:MultiProd_b:NoModel-MultiProd-1x1-PSA-FreeShippingPromo-US-Remarketing_c:ProdShot_d:Promo_e:Static_f:MakeupBestSellers_g:250802,120230909895660716,_,fb,Active,Accrual performance,Last non-direct touch,1,11752.249998,1160224.0,3937.0,15705.60999999998,362.0,1.3363917549977888,0.0
n:Remarketing_o:Manual 8/2-8/3/25 Summer sets Price Drop + Free Shipping Promo_p:250802,120230909338440716,i:AllPurchasers_j:Remarketing_k:CBO_l:250802_m:8/2-8/3/25 Summer sets Price Drop + Free Shipping Promo,120230909895640716,a:MultiProd_b:NoModel-MultiProduct-Animated-1x1-3.1-3.2FreeShippingPromo_c:ProdAnimation_d:Promo_e:GIF_f:MakeupBestSellers_g:250802,120230909895670716,_,fb,Active,Accrual performance,Last non-direct touch,1,6516.679998,479745.0,3118.0,11813.979999999983,239.0,1.812883247854084,70820.0
n:Remarketing_o:Manual 8/2-8/3/25 Summer sets Price Drop + Free Shipping Promo_p:250802,120230909338440716,i:AllPurchasers_j:Remarketing_k:CBO_l:250802_m:8/2-8/3/25 Summer sets Price Drop + Free Shipping Promo,120230909895640716,a:MultiProd_b:NoModel-MultiProducts-Prodshot-1x1-USSummerSetsDrop-AllSets_c:ProdShot_d:Promo_e:Static_f:ValueSets_g:250802,120230909895630716,_,fb,Active,Accrual performance,Last non-direct touch,1,458.88999999999993,37016.0,226.0,660.33,10.0,1.438972302730502,0.0
n:Remarketing_o:Manual 8/2-8/3/25 Summer sets Price Drop + Free Shipping Promo_p:250802,120230909338440716,i:AllPurchasers_j:Remarketing_k:CBO_l:250802_m:8/2-8/3/25 Summer sets Price Drop + Free Shipping Promo,120230909895640716,a:NoProd_b:NoModel-NoProd-1x1-USSummerSetsDrop-PRICEDROP_c:ProdShot_d:Promo_e:Static_f:ValueSets_g:250802,120230909895650716,_,fb,Active,Accrual performance,Last non-direct touch,1,8694.770000999999,447417.0,3934.0,12167.28,216.0,1.3993791668555493,0.0
n:Remarketing_o:Manual_p:241210_q:Conversion-CBO,120214097184210716,i:All Purchasers_j:Remarketing_k:CBO_l:250617_m:Mixed products $600 min,120228155455070716,a:BEB_b:TH1598-Wendy-SummerLookBEBStella&Emma-B_c:ProdApp_d:_e:Video_f:PDP_g:250716_h:NRTV2025,120229817376770716,_,fb,Paused,Accrual performance,Last non-direct touch,1,9.43,354.0,9.0,0.0,0.0,0.0,88.0
n:Remarketing_o:Manual_p:241210_q:Conversion-CBO,120214097184210716,i:All Purchasers_j:Remarketing_k:CBO_l:250617_m:Mixed products $600 min,120228155455070716,a:BodyCream_b:MRusso-BodyCream-ProdApp-1x1-BTBS-V1-US_c:ProdApp_d:BTBS_e:Video_f:PDP_g:250730,120230668796260716,_,fb,Active,Accrual performance,Last non-direct touch,1,1.6400000000000006,233.0,2.0,0.0,0.0,0.0,41.0
n:Remarketing_o:Manual_p:241210_q:Conversion-CBO,120214097184210716,i:All Purchasers_j:Remarketing_k:CBO_l:250617_m:Mixed products $600 min,120228155455070716,a:BodyCream_b:MRusso-BodyCream-ProdApp-1x1-BTBS-V2-US_c:ProdApp_d:BTBS_e:Video_f:PDP_g:250730,120230672337160716,_,fb,Active,Accrual performance,Last non-direct touch,1,2.8299999999999996,404.0,2.0,0.0,0.0,0.0,80.0
n:Remarketing_o:Manual_p:241210_q:Conversion-CBO,120214097184210716,i:All Purchasers_j:Remarketing_k:CBO_l:250617_m:Mixed products $600 min,120228155455070716,a:BodyCream_b:MRusso-BodyCream-ProdApp-1x1-BTBS-V3-US_c:ProdApp_d:BTBS_e:Video_f:PDP_g:250730,120230672375490716,_,fb,Active,Accrual performance,Last non-direct touch,1,3.5799999999999996,582.0,3.0,0.0,0.0,0.0,88.0
n:Remarketing_o:Manual_p:241210_q:Conversion-CBO,120214097184210716,i:All Purchasers_j:Remarketing_k:CBO_l:250617_m:Mixed products $600 min,120228155455070716,a:BodyCream_b:Ndea-BodyCream-ProdApp-1x1-YouAskedBodyCreamLaunch_c:ProdShot_d:BTBS_e:Static_f:PDP_g:250730,120230747840340716,_,fb,Active,Accrual performance,Last non-direct touch,1,1.6300000000000003,444.0,4.0,25.5,1.0,15.644171779141102,0.0
n:Remarketing_o:Manual_p:241210_q:Conversion-CBO,120214097184210716,i:All Purchasers_j:Remarketing_k:CBO_l:250617_m:Mixed products $600 min,120228155455070716,a:LipTint_b:CGilson-LipTint-ProdApp-4x5_9x16-BerryCollectionBCAIterations-Ragan-RHM1291V4_c:ProdApp_d:BerryCollection _e:Video_f:PDP_g:250617_h:RHM,120228155455100716,_,fb,Paused,Accrual performance,Last non-direct touch,1,2109.1100010000005,114624.0,1275.0,3700.06,71.0,1.7543229126246027,31251.0
n:Remarketing_o:Manual_p:241210_q:Conversion-CBO,120214097184210716,i:All Purchasers_j:Remarketing_k:CBO_l:250617_m:Mixed products $600 min,120228155455070716,a:LipTint_b:NoModel-LipTint-ProdAnimation-1x1-AllCustomer-RHM1283V3_c:ProdAnimation_d:_e:Static_f:PDP_g:250716_h:RHM,120229817002190716,_,fb,Active,Accrual performance,Last non-direct touch,1,201.08,13930.0,170.0,594.78,12.0,2.9579271931569524,0.0
n:Remarketing_o:Manual_p:241210_q:Conversion-CBO,120214097184210716,i:All Purchasers_j:Remarketing_k:CBO_l:250617_m:Mixed products $600 min,120228155455070716,a:Mascara_b:NoModel-Mascara-ProdShot-1x1-Buy2FreeShipReturnCustomer-RHM1301V4_c:ProdShot_d:_e:Static_f:PDP_g:250716_h:RHM,120229817242290716,_,fb,Paused,Accrual performance,Last non-direct touch,1,0.0,0.0,,0.0,0.0,,
n:Remarketing_o:Manual_p:241210_q:Conversion-CBO,120214097184210716,i:All Purchasers_j:Remarketing_k:CBO_l:250624_m:Shimmer Lip Tint Launch $600 min,120228645696200716,a:LipTint_b:Ashley-SSLT-Animation-4x5-Before-After-Amy-SSLTShimmerLaunch-V1_c:B&A_d:ShimmerLipTint_e:GIF_f:PDP_g:250624,120228645696320716,_,fb,Paused,Accrual performance,Last non-direct touch,1,6.550000000000002,209.0,2.0,0.0,0.0,0.0,25.0
n:Remarketing_o:Manual_p:241210_q:Conversion-CBO,120214097184210716,i:All Purchasers_j:Remarketing_k:CBO_l:250624_m:Shimmer Lip Tint Launch $600 min,120228645696200716,a:LipTint_b:Gloria-SSLT-ProdApp-4x5-Before-After-Jennifer-SSLTShimmerLaunch-V1_c:B&A_d:ShimmerLipTint_e:GIF_f:PDP_g:250624,120228645696340716,_,fb,Paused,Accrual performance,Last non-direct touch,1,104.07,2231.0,25.0,0.0,0.0,0.0,434.0
n:Remarketing_o:Manual_p:241210_q:Conversion-CBO,120214097184210716,i:All Purchasers_j:Remarketing_k:CBO_l:250624_m:Shimmer Lip Tint Launch $600 min,120228645696200716,a:LipTint_b:MultiModel-SSLT-ProdApp-4x5-Jennifer-MacroGrid-SSLTShimmerLaunch-V2_c:Model_d:ShimmerLipTint_e:Static_f:PDP_g:250624,120228645696370716,_,fb,Paused,Accrual performance,Last non-direct touch,1,425.04,12610.0,207.0,28.54,1.0,0.0671466214944475,0.0
n:Remarketing_o:Manual_p:241210_q:Conversion-CBO,120214097184210716,i:All Purchasers_j:Remarketing_k:CBO_l:250624_m:Shimmer Lip Tint Launch $600 min,120228645696200716,a:LipTint_b:NoModel-SSLT-Animation-4x5-ShadeHighlight-SSLTShimmerLaunch-V1_c:ProdShot_d:ShimmerLipTint_e:GIF_f:PDP_g:250624,120228645696390716,_,fb,Paused,Accrual performance,Last non-direct touch,1,54.75,1329.0,14.0,0.0,0.0,0.0,238.0
n:Remarketing_o:Manual_p:241210_q:Conversion-CBO,120214097184210716,i:All Purchasers_j:Remarketing_k:CBO_l:250624_m:Shimmer Lip Tint Launch $600 min,120228645696200716,a:LipTint_b:NoModel-SSLT-Animation-4x5-YouKnowAndLove-SSLTShimmerLaunch_c:ProdShot_d:ShimmerLipTint_e:GIF_f:PDP_g:250624,120228645768000716,_,fb,Paused,Accrual performance,Last non-direct touch,1,,,0.0,,,,0.0
n:Remarketing_o:Manual_p:241210_q:Conversion-CBO,120214097184210716,i:All Purchasers_j:Remarketing_k:CBO_l:250624_m:Shimmer Lip Tint Launch $600 min,120228645696200716,a:LipTint_b:SPavlos-LipTint-ProdApp-1x1-GifStyle-V1_c:ProdApp_d:ShimmerLipTint_e:GIF_f:PDP_g:250624,120228645696350716,_,fb,Active,Accrual performance,Last non-direct touch,1,1.58,71.0,1.0,0.0,0.0,0.0,12.0
n:Remarketing_o:Manual_p:241210_q:Conversion-CBO,120214097184210716,i:All Purchasers_j:Remarketing_k:CBO_l:250624_m:Shimmer Lip Tint Launch $600 min,120228645696200716,a:LipTint_b:SPavlos-LipTint-ProdApp-4x5-ShimmerLipTintUSCA-V1-US_c:ProdApp_d:ShimmerLipTint_e:Video_f:PDP_g:250624,120228645696310716,_,fb,Active,Accrual performance,Last non-direct touch,1,1.04,29.0,2.0,0.0,0.0,0.0,9.0
n:Remarketing_o:Manual_p:241210_q:Conversion-CBO,120214097184210716,i:All Purchasers_j:Remarketing_k:CBO_l:250624_m:Shimmer Lip Tint Launch $600 min,120228645696200716,a:LipTint_b:SPavlos-LipTint-ProdApp-4x5-ShimmerLipTintUSCA-V2-US_c:ProdApp_d:ShimmerLipTint_e:Video_f:PDP_g:250624,120228645696300716,_,fb,Active,Accrual performance,Last non-direct touch,1,4.45,154.0,4.0,0.0,0.0,0.0,22.0
n:Remarketing_o:Manual_p:241210_q:Conversion-CBO,120214097184210716,i:All Purchasers_j:Remarketing_k:CBO_l:250701_m:RHM1301,120229029807110716,a:Mascara_b:NoModel-Mascara-ProdShot-1x1-Buy2FreeShipReturnCustomer-RHM1301V4_c:ProdShot_d:_e:Static_f:PDP_g:250701_h:RHM,120229030027450716,_,fb,Active,Accrual performance,Last non-direct touch,1,0.0,0.0,,0.0,0.0,,
n:Remarketing_o:Manual_p:241210_q:Conversion-CBO,120214097184210716,i:All Purchasers_j:Remarketing_k:CBO_l:250703_m:BEB+Topper $600 min,120229237020890716,a:BEBEyeliner_b:NTamayo-BEBEyeliner-ProdApp-Dominique-4x5-10thAnniversaryLaunch-V2_c:ProdApp_d:_e:Video_f:PDP_g:250501,120229237794620716,_,fb,Paused,Accrual performance,Last non-direct touch,1,18.13,539.0,7.0,0.0,0.0,0.0,192.0
n:Remarketing_o:Manual_p:241210_q:Conversion-CBO,120214097184210716,i:All Purchasers_j:Remarketing_k:CBO_l:250703_m:BEB+Topper $600 min,120229237020890716,a:BEB_b:JKidd-BEB-ProdApp-BusyMoms-1x1-MatteLaunch-V2_c:ProdApp_d:NEWMatteShades_e:Video_f:PDP_g:240925,120229237794680716,_,fb,Active,Accrual performance,Last non-direct touch,1,0.01,1.0,0.0,0.0,0.0,0.0,0.0
n:Remarketing_o:Manual_p:241210_q:Conversion-CBO,120214097184210716,i:All Purchasers_j:Remarketing_k:CBO_l:250703_m:BEB+Topper $600 min,120229237020890716,a:BEB_b:MultiModel-BEB-Model-1x1-LAUREN-MATTELAUNCH_c:ProdApp_d:NEWMatteShades_e:Static_f:PDP_g:240925,120229237794600716,_,fb,Paused,Accrual performance,Last non-direct touch,1,0.0,1.0,0.0,0.0,0.0,,0.0
n:Remarketing_o:Manual_p:241210_q:Conversion-CBO,120214097184210716,i:All Purchasers_j:Remarketing_k:CBO_l:250703_m:BEB+Topper $600 min,120229237020890716,a:BEB_b:MultiModels-Matte-BEB-ProdApp-1x1-LaurenBackInStock-T_c:ProdApp_d:NEWMatteShades_e:Static_f:PDP_g:241118,120229237794700716,_,fb,Paused,Accrual performance,Last non-direct touch,1,0.04,5.0,0.0,0.0,0.0,0.0,0.0
n:Remarketing_o:Manual_p:241210_q:Conversion-CBO,120214097184210716,i:All Purchasers_j:Remarketing_k:CBO_l:250703_m:BEB+Topper $600 min,120229237020890716,a:BEB_b:MultiModels-Matte-BEB-ProdApp-1x1-LaurenBackInStock_c:ProdApp_d:NEWMatteShades_e:Static_f:PDP_g:241118,120229237794640716,_,fb,Paused,Accrual performance,Last non-direct touch,1,0.0,3.0,0.0,0.0,0.0,,0.0
n:Remarketing_o:Manual_p:241210_q:Conversion-CBO,120214097184210716,i:All Purchasers_j:Remarketing_k:CBO_l:250703_m:BEB+Topper $600 min,120229237020890716,a:BEB_b:NoModel-BEB-ProdShot-1x1-MatteEssentialsLaunch_c:ProdAnimation_d:NEWMatteShades_e:Static_f:PDP_g:241023,120229237794730716,_,fb,Active,Accrual performance,Last non-direct touch,1,0.0999999999999999,4.0,0.0,0.0,0.0,0.0,0.0
n:Remarketing_o:Manual_p:241210_q:Conversion-CBO,120214097184210716,i:All Purchasers_j:Remarketing_k:CBO_l:250708_m:LipMate LipTopper Karissa $600 min,120229232131380716,a:LipMate_b:MulitModel-LipMate-Animation-4x5-Karissa-MacroShotB A-KarissaLipTopperLaunch_c:B&A_d:KarissaLipMate_e:GIF_f:PDP_g:250708,120229420987890716,_,fb,Active,Accrual performance,Last non-direct touch,1,0.07,1.0,0.0,0.0,0.0,0.0,1.0
n:Remarketing_o:Manual_p:241210_q:Conversion-CBO,120214097184210716,i:All Purchasers_j:Remarketing_k:CBO_l:250708_m:LipMate LipTopper Karissa $600 min,120229232131380716,a:LipMate_b:NoModel-LipMateLipTopper-ProdShot-4x5-KBLaunch-LimtedEdition_c:ProdShot_d:KarissaLipMate_e:Static_f:PDP_g:250708,120229232131370716,_,fb,Active,Accrual performance,Last non-direct touch,1,0.03,1.0,0.0,0.0,0.0,0.0,0.0
n:Remarketing_o:Manual_p:241210_q:Conversion-CBO,120214097184210716,i:All Purchasers_j:Remarketing_k:CBO_l:250715_m:BrowPencil $600 min,120229597731850716,a:BrowPencil_b:Ash-QuickFixBrowPencil-ProdApp-B+A-1x1-Serena-USA_c:B&A_d:_e:Static_f:PDP_g:250715,120229597754640716,_,fb,Active,Accrual performance,Last non-direct touch,1,31.86,1276.0,4.0,28.18,1.0,0.8844946641556811,0.0
n:Remarketing_o:Manual_p:241210_q:Conversion-CBO,120214097184210716,i:All Purchasers_j:Remarketing_k:CBO_l:250715_m:BrowPencil $600 min,120229597731850716,a:BrowPencil_b:Lisa-QuickFixBrowPencil-ProdApp-B+A-1x1-Nan-USA_c:B&A_d:_e:Static_f:PDP_g:250715,120229597754660716,_,fb,Active,Accrual performance,Last non-direct touch,1,10.86,522.0,6.0,0.0,0.0,0.0,0.0
n:Remarketing_o:Manual_p:241210_q:Conversion-CBO,120214097184210716,i:All Purchasers_j:Remarketing_k:CBO_l:250715_m:BrowPencil $600 min,120229597731850716,a:BrowPencil_b:Louise QuickFixBrowPencil-Animation-1x1-B+ASlider-USA_c:B&A_d:_e:GIF_f:PDP_g:250715,120229597754620716,_,fb,Paused,Accrual performance,Last non-direct touch,1,,,0.0,,,,0.0
n:Remarketing_o:Manual_p:241210_q:Conversion-CBO,120214097184210716,i:All Purchasers_j:Remarketing_k:CBO_l:250715_m:BrowPencil $600 min,120229597731850716,a:BrowPencil_b:NoModel-QuickFillBrowPencil-ProdShot-1x1-PDOverview-USA_c:ProdShot_d:_e:Static_f:PDP_g:250715,120229597754650716,_,fb,Active,Accrual performance,Last non-direct touch,1,4721.879997999999,256297.0,3062.0,8413.61,197.0,1.7818347784280142,0.0
n:Remarketing_o:Manual_p:241210_q:Conversion-CBO,120214097184210716,i:All Purchasers_j:Remarketing_k:CBO_l:250715_m:BrowPencil $600 min,120229597731850716,a:BrowPencil_b:NoModel-QuickFillEyebrowPencil-ProdShot-4x5-Quote-Evergreen-V1_c:ProdShot_d:_e:Static_f:PDP_g:250715,120229597754610716,_,fb,Paused,Accrual performance,Last non-direct touch,1,,,0.0,,,,0.0
n:Remarketing_o:Manual_p:241210_q:Conversion-CBO,120214097184210716,i:All Purchasers_j:Remarketing_k:V=CBO_l:250530_m:RHM1260,120226878555550716,a:BEB_b:NoModel-BEB-ProdAnimation-1x1-ReturnCustomerShadeGridIterations-RHM1260V2_c:ProdAnimation_d:_e:Static_f:BEBDuo_g:250530_h:RHM,120226878555560716,_,fb,Active,Accrual performance,Last non-direct touch,1,2.8400000000000003,229.0,4.0,120.11,1.0,42.29225352112675,1.0
n:Remarketing_o:Manual_p:241210_q:Conversion-CBO,120214097184210716,i:All Purchasers_j:Remarketing_k:V=CBO_l:250530_m:RHM1260,120226878555550716,a:BEB_b:NoModel-BEB-ProdAnimation-1x1-ReturnCustomerShadeGridIterations-RHM1260V3_c:ProdAnimation_d:_e:Static_f:BEBDuo_g:250530_h:RHM,120226878555530716,_,fb,Active,Accrual performance,Last non-direct touch,1,29.510000000000005,2632.0,38.0,219.53,4.0,7.439173161640122,7.0
n:Remarketing_o:Manual_p:241210_q:Conversion-CBO,120214097184210716,i:All Purchasers_j:Remarketing_k:V=CBO_l:250530_m:RHM1260,120226878555550716,a:BEB_b:NoModel-BEB-ProdAnimation-1x1-ReturnCustomerShadeGridIterations-RHM1260V4_c:ProdAnimation_d:_e:Static_f:BEBDuo_g:250530_h:RHM,120226878555410716,_,fb,Paused,Accrual performance,Last non-direct touch,1,,,0.0,,,,0.0
n:Remarketing_o:Manual_p:241210_q:Conversion-CBO,120214097184210716,i:AllPurchasers_j:Remarketing_k:CBO_l:250417_m:MatteLipTint ($500 MIN),120222980798490716,a:MatteLipTint_b:NoModel-LipTint-ProdAnimation-4x5-MatteLaunch-RHM1159V4_c:ProdAnimation_d:_e:GIF_f:PDP_g:250417,120222980798500716,_,fb,Active,Accrual performance,Last non-direct touch,1,0.0,0.0,,0.0,0.0,,
n:Remarketing_o:Manual_p:241210_q:Conversion-CBO,120214097184210716,i:AllPurchasers_j:Remarketing_k:CBO_l:250604_m:Brilliant Under Eye Brightener Illuminating Corrector & BUEB Powder $600 min,120226110584820716,a:BUEB+BUEBPowder_b:CCabral-BUEBCollection-USCA-1x1-V3-US_c:ProdApp_d:_e:Video_f:BUEBDuo_g:250703,120229228098230716,_,fb,Paused,Accrual performance,Last non-direct touch,1,,,0.0,,,,0.0
n:Remarketing_o:Manual_p:241210_q:Conversion-CBO,120214097184210716,i:AllPurchasers_j:Remarketing_k:CBO_l:250604_m:Brilliant Under Eye Brightener Illuminating Corrector & BUEB Powder $600 min,120226110584820716,a:BUEB+BUEBPowder_b:JKelly-UnderEyeBrightener-TryOn-4x5-V1_c:ProdApp_d:_e:Video_f:BUEBDuo_g:250604,120226110584830716,_,fb,Active,Accrual performance,Last non-direct touch,1,20.95,943.0,20.0,0.0,0.0,0.0,254.0
n:Remarketing_o:Manual_p:241210_q:Conversion-CBO,120214097184210716,i:AllPurchasers_j:Remarketing_k:CBO_l:250604_m:Brilliant Under Eye Brightener Illuminating Corrector & BUEB Powder $600 min,120226110584820716,a:BUEB+BUEBPowder_b:LKeisling-BEB-ProdAp-4x5-BUEB-V2_c:ProdApp_d:_e:Video_f:BUEBDuo_g:250611,120227757013320716,_,fb,Active,Accrual performance,Last non-direct touch,1,539.9,31926.0,505.0,247.5,5.0,0.4584182255973328,8841.0
n:Remarketing_o:Manual_p:241210_q:Conversion-CBO,120214097184210716,i:AllPurchasers_j:Remarketing_k:CBO_l:250604_m:Brilliant Under Eye Brightener Illuminating Corrector & BUEB Powder $600 min,120226110584820716,a:BUEB_b:MultiModel-BUEBIlluminatingCorrector-Animation-4x5-BUEBCollectionLaunch-V2_d:_e:GIF_f:BUEBDuo_g:250604,120227101375030716,_,fb,Active,Accrual performance,Last non-direct touch,1,28.909999999999993,986.0,26.0,0.0,0.0,0.0,176.0
n:Remarketing_o:Manual_p:241210_q:Conversion-CBO,120214097184210716,i:AllPurchasers_j:Remarketing_k:CBO_l:250604_m:Brilliant Under Eye Brightener Illuminating Corrector & BUEB Powder $600 min,120226110584820716,a:BUEB_b:MultiModel-BUEBIlluminatingCorrector-ProdApp-1x1-AllShades-BUEBCollectionLaunch-V2_c:B&A_d:_e:Carousel_f:PDP_g:250703,120229228239240716,_,fb,Active,Accrual performance,Last non-direct touch,1,9.09,374.0,5.0,0.0,0.0,0.0,0.0
n:Remarketing_o:Manual_p:241210_q:Conversion-CBO,120214097184210716,i:Manual_j:Remarketing_k:CBO_l:250131_m:Lapsed + Unengaged Email $600 min,120217813494480716,a:BEB_b:JBristow-BEB-ProdApp-1x1-Viral_c:ProdApp_d:_e:Video_f:PDP_g:250725,120230378119620716,_,fb,Active,Accrual performance,Last non-direct touch,1,33.059999999999995,2088.0,26.0,53.1,1.0,1.6061705989110713,350.0
n:Remarketing_o:Manual_p:241210_q:Conversion-CBO,120214097184210716,i:Manual_j:Remarketing_k:CBO_l:250131_m:Lapsed + Unengaged Email $600 min,120217813494480716,a:BrowGel_b:MultiModel-BrowGel-ProdApp-1080x1350-NA-CloseUpApp-RHMConceptualFB-RHM120V1_c:ProdApp_d:Get Perfect_e:Video_f:PDP_g:250227_h:RHM Previous Top Performer,120217814343440716,_,fb,Paused,Accrual performance,Last non-direct touch,1,0.0,0.0,0.0,0.0,0.0,,0.0
n:Remarketing_o:Manual_p:241210_q:Conversion-CBO,120214097184210716,i:Manual_j:Remarketing_k:CBO_l:250131_m:Lapsed + Unengaged Email $600 min,120217813494480716,a:BrowGel_b:TRenner-BrowGel-ProdApp-4x5-Testimonial-Merida-RHM1141V1_c:ProdApp_d:_e:Video_f:PDP_g:250725,120230377355780716,_,fb,Paused,Accrual performance,Last non-direct touch,1,1872.55,95630.0,1747.0,2832.270000000001,70.0,1.5125203599369847,34132.0
n:Remarketing_o:Manual_p:241210_q:Conversion-CBO,120214097184210716,i:Manual_j:Remarketing_k:CBO_l:250131_m:Lapsed + Unengaged Email $600 min,120217813494480716,a:Mascara_b:FGroh-LLEM-Berry-US-4x5-V2_c:ProdApp_d:BerryCollection_e:Video_f:PDP_g:250731,120230857173140716,_,fb,Active,Accrual performance,Last non-direct touch,1,2768.7799999999997,200504.0,1719.0,4882.720000000001,112.0,1.7634915016722172,74915.0
n:Remarketing_o:Manual_p:241210_q:Conversion-CBO,120214097184210716,i:Manual_j:Remarketing_k:CBO_l:250131_m:Lapsed + Unengaged Email $600 min,120217813494480716,a:Mascara_b:MultiModel-Mascara-ProdApp-4x5-MatureFocus-RHM1242V2_c:ProdApp_d:_e:Video_f:PDP_g:250725_h:RHM,120230381300260716,_,fb,Active,Accrual performance,Last non-direct touch,1,5.86,357.0,2.0,0.0,0.0,0.0,158.0
